new_equioc,26-05-2008,00:00:00,37.80841,-122.41019
new_equioc,26-05-2008,00:00:02,37.80843,-122.41068
new_equioc,26-05-2008,00:01:02,37.808,-122.41245
new_equioc,26-05-2008,00:02:02,37.80438,-122.41168
new_equioc,26-05-2008,00:03:02,37.80243,-122.41128
new_equioc,26-05-2008,00:04:07,37.80108,-122.4118
new_equioc,26-05-2008,00:05:17,37.8002,-122.41594
new_equioc,26-05-2008,00:06:04,37.79695,-122.41526
new_equioc,26-05-2008,00:07:04,37.79405,-122.41468
new_equioc,26-05-2008,00:08:10,37.7916,-122.41432
new_equioc,26-05-2008,00:09:05,37.79154,-122.41108
new_equioc,26-05-2008,00:10:07,37.78904,-122.41024
new_equioc,26-05-2008,00:11:07,37.78631,-122.40987
new_equioc,26-05-2008,00:11:38,37.78631,-122.40987
new_equioc,26-05-2008,00:11:42,37.78631,-122.40987
new_equioc,26-05-2008,00:11:53,37.78652,-122.40975
new_equioc,26-05-2008,00:12:53,37.78642,-122.40851
new_equioc,26-05-2008,00:13:53,37.78855,-122.40878
new_equioc,26-05-2008,00:14:53,37.78852,-122.41211
new_equioc,26-05-2008,00:15:53,37.78926,-122.41537
new_equioc,26-05-2008,00:16:54,37.78986,-122.41831
new_equioc,26-05-2008,00:17:54,37.78945,-122.424
new_equioc,26-05-2008,00:18:55,37.79446,-122.42488
new_equioc,26-05-2008,00:19:55,37.79495,-122.42934
new_equioc,26-05-2008,00:20:52,37.79478,-122.43018
new_equioc,26-05-2008,00:20:53,37.79478,-122.43018
new_equioc,26-05-2008,00:21:17,37.79469,-122.43105
new_equioc,26-05-2008,00:22:52,37.79238,-122.43288
new_equioc,26-05-2008,00:23:49,37.78916,-122.4322
new_equioc,26-05-2008,00:25:20,37.7897,-122.42744
new_equioc,26-05-2008,00:26:20,37.78988,-122.42732
new_equioc,26-05-2008,00:26:28,37.78992,-122.42729
new_equioc,26-05-2008,00:26:49,37.78971,-122.42723
new_equioc,26-05-2008,00:26:56,37.78915,-122.42714
new_equioc,26-05-2008,00:28:09,37.78785,-122.43439
new_equioc,26-05-2008,00:29:00,37.78674,-122.44312
new_equioc,26-05-2008,00:29:58,37.78347,-122.4473
new_equioc,26-05-2008,00:31:12,37.78219,-122.44999
new_equioc,26-05-2008,00:32:52,37.78129,-122.45961
new_equioc,26-05-2008,00:34:42,37.78081,-122.47044
new_equioc,26-05-2008,00:37:41,37.77993,-122.47615
new_equioc,26-05-2008,00:37:54,37.77993,-122.47615
new_equioc,26-05-2008,00:39:03,37.77777,-122.47814
new_equioc,26-05-2008,00:41:23,37.77567,-122.47803
new_equioc,26-05-2008,00:42:23,37.77568,-122.47803
new_equioc,26-05-2008,00:44:13,37.77567,-122.47802
new_equioc,26-05-2008,00:46:04,37.77566,-122.47801
new_equioc,26-05-2008,00:47:50,37.77567,-122.47804
new_equioc,26-05-2008,00:49:58,37.77566,-122.47805
new_equioc,26-05-2008,00:50:46,37.77565,-122.47805
new_equioc,26-05-2008,00:52:56,37.77567,-122.478
new_equioc,26-05-2008,00:56:33,37.77567,-122.47802
new_equioc,26-05-2008,00:57:29,37.77376,-122.47793
new_equioc,26-05-2008,00:59:12,37.7778,-122.47815
new_equioc,26-05-2008,01:00:12,37.78034,-122.47795
new_equioc,26-05-2008,01:03:27,37.78085,-122.46651
new_equioc,26-05-2008,01:03:57,37.78091,-122.46448
new_equioc,26-05-2008,01:04:34,37.78099,-122.46342
new_equioc,26-05-2008,01:04:41,37.781,-122.46317
new_equioc,26-05-2008,01:05:54,37.78144,-122.45475
new_equioc,26-05-2008,01:06:37,37.7824,-122.44756
new_equioc,26-05-2008,01:07:47,37.78365,-122.43778
new_equioc,26-05-2008,01:08:48,37.78425,-122.43313
new_equioc,26-05-2008,01:09:36,37.78479,-122.42868
new_equioc,26-05-2008,01:10:42,37.78463,-122.42338
new_equioc,26-05-2008,01:11:42,37.78514,-122.42032
new_equioc,26-05-2008,01:12:40,37.78458,-122.41614
new_equioc,26-05-2008,01:13:38,37.77959,-122.41512
new_equioc,26-05-2008,01:14:43,37.77581,-122.41109
new_equioc,26-05-2008,01:15:38,37.77143,-122.40559
new_equioc,26-05-2008,01:16:38,37.77331,-122.40285
new_equioc,26-05-2008,01:17:38,37.76948,-122.39793
new_equioc,26-05-2008,01:18:45,37.76189,-122.39358
new_equioc,26-05-2008,01:19:35,37.75878,-122.39327
new_equioc,26-05-2008,01:19:59,37.75878,-122.39327
new_equioc,26-05-2008,01:20:46,37.75591,-122.39303
new_equioc,26-05-2008,01:21:36,37.75181,-122.39217
new_equioc,26-05-2008,01:22:48,37.74091,-122.39881
new_equioc,26-05-2008,01:24:12,37.72513,-122.40187
new_equioc,26-05-2008,01:25:26,37.70466,-122.39425
new_equioc,26-05-2008,01:26:23,37.6871,-122.3903
new_equioc,26-05-2008,01:27:14,37.67372,-122.38993
new_equioc,26-05-2008,01:30:58,37.62373,-122.40141
new_equioc,26-05-2008,01:48:52,37.62057,-122.39965
new_equioc,26-05-2008,01:48:59,37.62234,-122.40028
new_equioc,26-05-2008,01:49:29,37.62391,-122.40084
new_equioc,26-05-2008,01:49:55,37.63212,-122.40274
new_equioc,26-05-2008,01:52:12,37.66877,-122.39377
new_equioc,26-05-2008,01:52:48,37.68181,-122.38894
new_equioc,26-05-2008,01:53:38,37.69542,-122.392
new_equioc,26-05-2008,01:54:27,37.70881,-122.39502
new_equioc,26-05-2008,01:55:26,37.72164,-122.40036
new_equioc,26-05-2008,01:56:13,37.73445,-122.40625
new_equioc,26-05-2008,01:57:13,37.74781,-122.40414
new_equioc,26-05-2008,01:58:08,37.76104,-122.40619
new_equioc,26-05-2008,01:59:08,37.77368,-122.40627
new_equioc,26-05-2008,02:00:09,37.77583,-122.40657
new_equioc,26-05-2008,02:01:08,37.78057,-122.40924
new_equioc,26-05-2008,02:02:09,37.7832,-122.4112
new_equioc,26-05-2008,02:03:10,37.78549,-122.4113
new_equioc,26-05-2008,02:04:05,37.78633,-122.41118
new_equioc,26-05-2008,02:04:07,37.78635,-122.41122
new_equioc,26-05-2008,02:04:58,37.78643,-122.41129
new_equioc,26-05-2008,02:05:05,37.78643,-122.41129
new_equioc,26-05-2008,02:05:59,37.78653,-122.40894
new_equioc,26-05-2008,02:07:04,37.7867,-122.40655
new_equioc,26-05-2008,02:07:59,37.78555,-122.40562
new_equioc,26-05-2008,02:09:01,37.78457,-122.40417
new_equioc,26-05-2008,02:09:28,37.78462,-122.4041
new_equioc,26-05-2008,02:09:55,37.78545,-122.40317
new_equioc,26-05-2008,02:09:57,37.78561,-122.40275
new_equioc,26-05-2008,02:09:59,37.78566,-122.40271
new_equioc,26-05-2008,02:11:12,37.7867,-122.40347
new_equioc,26-05-2008,02:12:56,37.79275,-122.40485
new_equioc,26-05-2008,02:13:51,37.79327,-122.40273
new_equioc,26-05-2008,02:14:52,37.79382,-122.39949
new_equioc,26-05-2008,02:15:52,37.79379,-122.39679
new_equioc,26-05-2008,02:15:59,37.79378,-122.39678
new_equioc,26-05-2008,02:16:01,37.79359,-122.39668
new_equioc,26-05-2008,02:17:01,37.7939,-122.39813
new_equioc,26-05-2008,02:18:08,37.79179,-122.3983
new_equioc,26-05-2008,02:19:08,37.78995,-122.40177
new_equioc,26-05-2008,02:20:03,37.78788,-122.40749
new_equioc,26-05-2008,02:21:04,37.78728,-122.41156
new_equioc,26-05-2008,02:21:18,37.78727,-122.41156
new_equioc,26-05-2008,02:21:53,37.78717,-122.41168
new_equioc,26-05-2008,02:22:53,37.78775,-122.4117
new_equioc,26-05-2008,02:23:54,37.79133,-122.41265
new_equioc,26-05-2008,02:25:26,37.79195,-122.40971
new_equioc,26-05-2008,02:25:28,37.79216,-122.40979
new_equioc,26-05-2008,02:26:28,37.79018,-122.40852
new_equioc,26-05-2008,02:28:28,37.7886,-122.40792
new_equioc,26-05-2008,02:29:30,37.78806,-122.40672
new_equioc,26-05-2008,02:30:34,37.78475,-122.40468
new_equioc,26-05-2008,02:31:44,37.78181,-122.4006
new_equioc,26-05-2008,02:32:44,37.77557,-122.40586
new_equioc,26-05-2008,02:33:44,37.76535,-122.40526
new_equioc,26-05-2008,02:34:44,37.75311,-122.40304
new_equioc,26-05-2008,02:36:44,37.74738,-122.39628
new_equioc,26-05-2008,02:37:59,37.74455,-122.39952
new_equioc,26-05-2008,02:38:59,37.74374,-122.40147
new_equioc,26-05-2008,02:40:00,37.74367,-122.40148
new_equioc,26-05-2008,02:40:46,37.74367,-122.40142
new_equioc,26-05-2008,02:42:58,37.74364,-122.4013
new_equioc,26-05-2008,02:43:49,37.74372,-122.4013
new_equioc,26-05-2008,02:44:52,37.74363,-122.40136
new_equioc,26-05-2008,02:46:36,37.74485,-122.39806
new_equioc,26-05-2008,02:47:20,37.74708,-122.39609
new_equioc,26-05-2008,02:48:20,37.74957,-122.39718
new_equioc,26-05-2008,02:49:35,37.75117,-122.39341
new_equioc,26-05-2008,02:51:25,37.75138,-122.39537
new_equioc,26-05-2008,02:52:21,37.7514,-122.39534
new_equioc,26-05-2008,02:53:34,37.75139,-122.39531
new_equioc,26-05-2008,02:54:31,37.75139,-122.39536
new_equioc,26-05-2008,02:55:27,37.75135,-122.39521
new_equioc,26-05-2008,02:56:36,37.75135,-122.39523
new_equioc,26-05-2008,02:57:26,37.75138,-122.39518
new_equioc,26-05-2008,02:58:36,37.75137,-122.39522
new_equioc,26-05-2008,02:59:22,37.75129,-122.39525
new_equioc,26-05-2008,03:00:22,37.75132,-122.39522
new_equioc,26-05-2008,03:01:24,37.75133,-122.39517
new_equioc,26-05-2008,03:02:41,37.75133,-122.39515
new_equioc,26-05-2008,03:03:28,37.75129,-122.3953
new_equioc,26-05-2008,03:07:43,37.75167,-122.39389
new_equioc,26-05-2008,03:08:36,37.75166,-122.39391
new_equioc,26-05-2008,03:09:25,37.75166,-122.3939
new_equioc,26-05-2008,03:10:47,37.75166,-122.39389
new_equioc,26-05-2008,03:11:52,37.75165,-122.39389
new_equioc,26-05-2008,03:12:47,37.75168,-122.39391
new_equioc,26-05-2008,03:13:47,37.75168,-122.39387
new_equioc,26-05-2008,03:14:32,37.75167,-122.39385
new_equioc,26-05-2008,03:15:24,37.75167,-122.39385
new_equioc,26-05-2008,03:16:24,37.75164,-122.3939
new_equioc,26-05-2008,03:16:37,37.75164,-122.3939
new_equioc,26-05-2008,03:17:34,37.75164,-122.39386
new_equioc,26-05-2008,03:18:38,37.75161,-122.39385
new_equioc,26-05-2008,03:19:34,37.75166,-122.39387
new_equioc,26-05-2008,03:19:59,37.75165,-122.39394
new_equioc,26-05-2008,03:21:10,37.75167,-122.39386
new_equioc,26-05-2008,03:24:20,37.75168,-122.39384
new_equioc,26-05-2008,03:27:17,37.75168,-122.39385
new_equioc,26-05-2008,03:27:36,37.75168,-122.39385
new_equioc,26-05-2008,03:29:25,37.75162,-122.3939
new_equioc,26-05-2008,03:30:25,37.75162,-122.39392
new_equioc,26-05-2008,03:32:57,37.75149,-122.39389
new_equioc,26-05-2008,03:33:55,37.75167,-122.3939
new_equioc,26-05-2008,03:34:50,37.7517,-122.39388
new_equioc,26-05-2008,03:39:03,37.75164,-122.39391
new_equioc,26-05-2008,03:41:26,37.75166,-122.39391
new_equioc,26-05-2008,03:42:08,37.75166,-122.3939
new_equioc,26-05-2008,03:43:03,37.75168,-122.39389
new_equioc,26-05-2008,03:44:03,37.75167,-122.3939
new_equioc,26-05-2008,03:45:11,37.75164,-122.39393
new_equioc,26-05-2008,03:46:11,37.75164,-122.39389
new_equioc,26-05-2008,03:47:08,37.75166,-122.39388
new_equioc,26-05-2008,03:50:06,37.75165,-122.39388
new_equioc,26-05-2008,03:50:19,37.75165,-122.39388
new_equioc,26-05-2008,03:51:17,37.75167,-122.3939
new_equioc,26-05-2008,03:52:31,37.75163,-122.39391
new_equioc,26-05-2008,03:54:09,37.75168,-122.39388
new_equioc,26-05-2008,03:54:23,37.75168,-122.39388
new_equioc,26-05-2008,03:55:14,37.75165,-122.39391
new_equioc,26-05-2008,03:55:42,37.75165,-122.39391
new_equioc,26-05-2008,03:56:19,37.75166,-122.3939
new_equioc,26-05-2008,03:57:15,37.75165,-122.39389
new_equioc,26-05-2008,03:58:19,37.75166,-122.39389
new_equioc,26-05-2008,03:59:26,37.75168,-122.39388
new_equioc,26-05-2008,04:01:09,37.75169,-122.39388
new_equioc,26-05-2008,04:01:37,37.75167,-122.39388
new_equioc,26-05-2008,04:01:56,37.75167,-122.39388
new_equioc,26-05-2008,04:03:47,37.7517,-122.39387
new_equioc,26-05-2008,04:05:56,37.7517,-122.39389
new_equioc,26-05-2008,04:06:33,37.7517,-122.39389
new_equioc,26-05-2008,04:07:06,37.75168,-122.3939
new_equioc,26-05-2008,08:03:41,37.75164,-122.39388
new_equioc,26-05-2008,08:08:57,37.75163,-122.39388
new_equioc,26-05-2008,08:10:20,37.75163,-122.39389
new_equioc,26-05-2008,08:11:21,37.75144,-122.39355
new_equioc,26-05-2008,08:12:21,37.75145,-122.39351
new_equioc,26-05-2008,08:13:33,37.75147,-122.39352
new_equioc,26-05-2008,08:14:22,37.75147,-122.39352
new_equioc,26-05-2008,08:15:22,37.75146,-122.39351
new_equioc,26-05-2008,08:16:22,37.75167,-122.39369
new_equioc,26-05-2008,08:17:22,37.75168,-122.39369
new_equioc,26-05-2008,08:18:22,37.75168,-122.3937
new_equioc,26-05-2008,08:19:22,37.75169,-122.39371
new_equioc,26-05-2008,08:20:27,37.75134,-122.39487
new_equioc,26-05-2008,08:21:29,37.74977,-122.39517
new_equioc,26-05-2008,08:22:30,37.75098,-122.39056
new_equioc,26-05-2008,08:23:24,37.7589,-122.39221
new_equioc,26-05-2008,08:24:24,37.77094,-122.3974
new_equioc,26-05-2008,08:25:29,37.77639,-122.39862
new_equioc,26-05-2008,08:26:25,37.77663,-122.39543
new_equioc,26-05-2008,08:27:26,37.77664,-122.39541
new_equioc,26-05-2008,08:28:26,37.77669,-122.39548
new_equioc,26-05-2008,08:29:27,37.77669,-122.3955
new_equioc,26-05-2008,08:30:27,37.77664,-122.39545
new_equioc,26-05-2008,08:31:28,37.77664,-122.39544
new_equioc,26-05-2008,08:32:34,37.77918,-122.39229
new_equioc,26-05-2008,08:33:09,37.78142,-122.39159
new_equioc,26-05-2008,08:34:09,37.78287,-122.39342
new_equioc,26-05-2008,08:35:15,37.7868,-122.38883
new_equioc,26-05-2008,08:36:10,37.78838,-122.38891
new_equioc,26-05-2008,08:37:14,37.78839,-122.38887
new_equioc,26-05-2008,08:38:10,37.78854,-122.38896
new_equioc,26-05-2008,08:39:10,37.78849,-122.38896
new_equioc,26-05-2008,08:40:10,37.78845,-122.38895
new_equioc,26-05-2008,08:40:58,37.78846,-122.38889
new_equioc,26-05-2008,08:41:29,37.78831,-122.39018
new_equioc,26-05-2008,08:41:36,37.78831,-122.39018
new_equioc,26-05-2008,08:41:47,37.78832,-122.3902
new_equioc,26-05-2008,08:42:39,37.7845,-122.39513
new_equioc,26-05-2008,08:43:21,37.78358,-122.39601
new_equioc,26-05-2008,08:44:21,37.78061,-122.39996
new_equioc,26-05-2008,08:45:21,37.77805,-122.40314
new_equioc,26-05-2008,08:46:22,37.7763,-122.40543
new_equioc,26-05-2008,08:47:21,37.77354,-122.4088
new_equioc,26-05-2008,08:48:21,37.77388,-122.41164
new_equioc,26-05-2008,08:49:22,37.77747,-122.41626
new_equioc,26-05-2008,08:50:22,37.77552,-122.41904
new_equioc,26-05-2008,08:51:23,37.77408,-122.4201
new_equioc,26-05-2008,08:52:23,37.77291,-122.42398
new_equioc,26-05-2008,08:53:24,37.77227,-122.42916
new_equioc,26-05-2008,08:54:24,37.7715,-122.43521
new_equioc,26-05-2008,08:55:25,37.77053,-122.44281
new_equioc,26-05-2008,08:56:25,37.76995,-122.44741
new_equioc,26-05-2008,08:57:25,37.77063,-122.44967
new_equioc,26-05-2008,08:57:51,37.77063,-122.44968
new_equioc,26-05-2008,08:58:30,37.77062,-122.44969
new_equioc,26-05-2008,08:58:32,37.77062,-122.44969
new_equioc,26-05-2008,08:59:15,37.77063,-122.44968
new_equioc,26-05-2008,08:59:34,37.77053,-122.45032
new_equioc,26-05-2008,08:59:45,37.77028,-122.45038
new_equioc,26-05-2008,09:00:40,37.76919,-122.45329
new_equioc,26-05-2008,09:01:49,37.76726,-122.45321
new_equioc,26-05-2008,09:02:45,37.76622,-122.45851
new_equioc,26-05-2008,09:03:47,37.76597,-122.46618
new_equioc,26-05-2008,09:04:55,37.76554,-122.47487
new_equioc,26-05-2008,09:05:53,37.76542,-122.47723
new_equioc,26-05-2008,09:06:42,37.76384,-122.4847
new_equioc,26-05-2008,09:07:41,37.75963,-122.48442
new_equioc,26-05-2008,09:08:45,37.75722,-122.48421
new_equioc,26-05-2008,09:08:48,37.75722,-122.48421
new_equioc,26-05-2008,09:09:31,37.75724,-122.48424
new_equioc,26-05-2008,09:09:32,37.75724,-122.48423
new_equioc,26-05-2008,09:10:33,37.75606,-122.48417
new_equioc,26-05-2008,09:11:33,37.75761,-122.48317
new_equioc,26-05-2008,09:12:33,37.75541,-122.48303
new_equioc,26-05-2008,09:13:33,37.75403,-122.47988
new_equioc,26-05-2008,09:14:34,37.75417,-122.47664
new_equioc,26-05-2008,09:15:39,37.75694,-122.47653
new_equioc,26-05-2008,09:16:34,37.76038,-122.47673
new_equioc,26-05-2008,09:17:34,37.76551,-122.47479
new_equioc,26-05-2008,09:18:28,37.7658,-122.46672
new_equioc,26-05-2008,09:19:28,37.76606,-122.46189
new_equioc,26-05-2008,09:20:28,37.76608,-122.45507
new_equioc,26-05-2008,09:21:02,37.7664,-122.45314
new_equioc,26-05-2008,09:21:32,37.76661,-122.4509
new_equioc,26-05-2008,09:21:39,37.76664,-122.45069
new_equioc,26-05-2008,09:21:45,37.7667,-122.4503
new_equioc,26-05-2008,09:22:40,37.76287,-122.4494
new_equioc,26-05-2008,09:23:45,37.76184,-122.44577
new_equioc,26-05-2008,09:24:45,37.76228,-122.43857
new_equioc,26-05-2008,09:25:41,37.76251,-122.43536
new_equioc,26-05-2008,09:26:41,37.76274,-122.43088
new_equioc,26-05-2008,09:27:41,37.76041,-122.42832
new_equioc,26-05-2008,09:28:41,37.75623,-122.42791
new_equioc,26-05-2008,09:29:41,37.75196,-122.42753
new_equioc,26-05-2008,09:30:46,37.75198,-122.42754
new_equioc,26-05-2008,09:31:02,37.75197,-122.42753
new_equioc,26-05-2008,09:32:02,37.75156,-122.4303
new_equioc,26-05-2008,09:33:02,37.75221,-122.43419
new_equioc,26-05-2008,09:34:02,37.75647,-122.43459
new_equioc,26-05-2008,09:35:02,37.76076,-122.43497
new_equioc,26-05-2008,09:36:07,37.76284,-122.43475
new_equioc,26-05-2008,09:37:02,37.76564,-122.43113
new_equioc,26-05-2008,09:37:40,37.76824,-122.42788
new_equioc,26-05-2008,09:38:08,37.76947,-122.42635
new_equioc,26-05-2008,09:39:03,37.77245,-122.42543
new_equioc,26-05-2008,09:40:03,37.77232,-122.43048
new_equioc,26-05-2008,09:40:53,37.77337,-122.43081
new_equioc,26-05-2008,09:41:31,37.77491,-122.431
new_equioc,26-05-2008,09:41:43,37.77498,-122.43101
new_equioc,26-05-2008,09:41:44,37.77578,-122.43118
new_equioc,26-05-2008,09:42:44,37.78062,-122.43215
new_equioc,26-05-2008,09:43:44,37.78401,-122.43291
new_equioc,26-05-2008,09:44:44,37.78378,-122.43795
new_equioc,26-05-2008,09:45:44,37.78217,-122.44989
new_equioc,26-05-2008,09:46:45,37.78147,-122.45614
new_equioc,26-05-2008,09:47:44,37.78313,-122.45787
new_equioc,26-05-2008,09:48:24,37.78313,-122.45787
new_equioc,26-05-2008,09:48:26,37.78313,-122.45786
new_equioc,26-05-2008,09:49:27,37.78575,-122.45803
new_equioc,26-05-2008,09:50:27,37.78666,-122.45124
new_equioc,26-05-2008,09:51:19,37.78724,-122.44697
new_equioc,26-05-2008,09:51:55,37.78762,-122.44382
new_equioc,26-05-2008,09:52:40,37.78818,-122.43895
new_equioc,26-05-2008,09:52:52,37.78785,-122.43874
new_equioc,26-05-2008,09:52:54,37.7866,-122.43864
new_equioc,26-05-2008,09:53:54,37.78722,-122.43187
new_equioc,26-05-2008,09:54:54,37.78837,-122.42285
new_equioc,26-05-2008,09:55:54,37.78893,-122.41845
new_equioc,26-05-2008,09:56:54,37.78968,-122.41228
new_equioc,26-05-2008,09:57:56,37.78919,-122.40867
new_equioc,26-05-2008,09:58:03,37.78899,-122.40858
new_equioc,26-05-2008,09:59:03,37.78821,-122.40681
new_equioc,26-05-2008,10:00:08,37.7842,-122.40414
new_equioc,26-05-2008,10:01:08,37.78151,-122.40438
new_equioc,26-05-2008,10:02:04,37.77919,-122.40208
new_equioc,26-05-2008,10:03:04,37.77794,-122.4005
new_equioc,26-05-2008,10:04:04,37.77537,-122.39733
new_equioc,26-05-2008,10:04:41,37.77661,-122.39547
new_equioc,26-05-2008,10:05:41,37.77675,-122.39541
new_equioc,26-05-2008,10:06:41,37.77684,-122.39548
new_equioc,26-05-2008,10:07:41,37.77685,-122.39545
new_equioc,26-05-2008,10:08:42,37.77667,-122.3954
new_equioc,26-05-2008,10:09:43,37.77666,-122.39543
new_equioc,26-05-2008,10:10:53,37.77667,-122.39539
new_equioc,26-05-2008,10:11:52,37.77667,-122.39553
new_equioc,26-05-2008,10:12:45,37.77663,-122.39539
new_equioc,26-05-2008,10:13:45,37.7766,-122.39536
new_equioc,26-05-2008,10:14:45,37.77662,-122.39541
new_equioc,26-05-2008,10:15:48,37.77662,-122.39542
new_equioc,26-05-2008,10:16:45,37.77662,-122.39543
new_equioc,26-05-2008,10:17:47,37.77662,-122.3954
new_equioc,26-05-2008,10:18:48,37.77661,-122.3954
new_equioc,26-05-2008,10:19:43,37.77665,-122.39539
new_equioc,26-05-2008,10:20:19,37.77659,-122.39452
new_equioc,26-05-2008,10:20:21,37.77646,-122.39438
new_equioc,26-05-2008,10:20:23,37.77644,-122.39437
new_equioc,26-05-2008,10:21:23,37.77161,-122.39801
new_equioc,26-05-2008,10:22:18,37.75878,-122.39242
new_equioc,26-05-2008,10:23:10,37.74482,-122.39521
new_equioc,26-05-2008,10:24:07,37.73381,-122.40507
new_equioc,26-05-2008,10:24:57,37.721,-122.40022
new_equioc,26-05-2008,10:25:35,37.70827,-122.39501
new_equioc,26-05-2008,10:27:03,37.68647,-122.39014
new_equioc,26-05-2008,10:27:53,37.67251,-122.39064
new_equioc,26-05-2008,10:28:34,37.66242,-122.40133
new_equioc,26-05-2008,10:30:54,37.6228,-122.40108
new_equioc,26-05-2008,10:31:59,37.61424,-122.3923
new_equioc,26-05-2008,10:32:33,37.61477,-122.38963
new_equioc,26-05-2008,10:33:21,37.61486,-122.38954
new_equioc,26-05-2008,10:33:23,37.61486,-122.38956
new_equioc,26-05-2008,10:34:24,37.61608,-122.39027
new_equioc,26-05-2008,10:35:37,37.6189,-122.39876
new_equioc,26-05-2008,10:36:16,37.63211,-122.40224
new_equioc,26-05-2008,10:38:44,37.669,-122.39334
new_equioc,26-05-2008,10:39:29,37.68187,-122.38883
new_equioc,26-05-2008,10:40:17,37.69542,-122.39188
new_equioc,26-05-2008,10:40:32,37.69542,-122.39188
new_equioc,26-05-2008,10:41:06,37.70852,-122.39483
new_equioc,26-05-2008,10:41:52,37.72141,-122.40012
new_equioc,26-05-2008,10:42:39,37.73428,-122.40504
new_equioc,26-05-2008,10:43:27,37.74491,-122.39491
new_equioc,26-05-2008,10:43:41,37.74491,-122.39491
new_equioc,26-05-2008,10:44:21,37.75848,-122.39219
new_equioc,26-05-2008,10:45:09,37.77122,-122.39742
new_equioc,26-05-2008,10:46:11,37.7754,-122.39738
new_equioc,26-05-2008,10:47:08,37.77659,-122.39547
new_equioc,26-05-2008,10:48:08,37.77659,-122.39545
new_equioc,26-05-2008,10:49:08,37.77662,-122.39543
new_equioc,26-05-2008,10:50:06,37.77664,-122.3954
new_equioc,26-05-2008,10:50:39,37.77762,-122.39431
new_equioc,26-05-2008,10:50:54,37.77835,-122.3934
new_equioc,26-05-2008,10:50:56,37.77874,-122.39282
new_equioc,26-05-2008,10:51:55,37.7813,-122.39574
new_equioc,26-05-2008,10:52:55,37.78486,-122.40009
new_equioc,26-05-2008,10:53:55,37.78713,-122.40344
new_equioc,26-05-2008,10:54:44,37.78697,-122.40362
new_equioc,26-05-2008,10:54:45,37.78697,-122.40363
new_equioc,26-05-2008,10:55:45,37.78666,-122.39976
new_equioc,26-05-2008,10:56:45,37.78339,-122.40252
new_equioc,26-05-2008,10:57:46,37.78217,-122.40133
new_equioc,26-05-2008,10:58:47,37.78032,-122.39913
new_equioc,26-05-2008,10:59:30,37.77979,-122.39845
new_equioc,26-05-2008,11:00:24,37.77656,-122.39552
new_equioc,26-05-2008,11:01:25,37.77655,-122.39552
new_equioc,26-05-2008,11:02:34,37.77654,-122.39553
new_equioc,26-05-2008,11:03:26,37.77661,-122.39549
new_equioc,26-05-2008,11:04:31,37.77664,-122.39549
new_equioc,26-05-2008,11:05:26,37.77671,-122.39551
new_equioc,26-05-2008,11:06:29,37.77663,-122.3955
new_equioc,26-05-2008,11:07:27,37.77663,-122.39548
new_equioc,26-05-2008,11:08:38,37.77663,-122.39545
new_equioc,26-05-2008,11:09:28,37.77666,-122.39547
new_equioc,26-05-2008,11:10:28,37.77668,-122.39549
new_equioc,26-05-2008,11:11:28,37.77676,-122.39553
new_equioc,26-05-2008,11:12:28,37.77665,-122.39547
new_equioc,26-05-2008,11:13:28,37.77667,-122.39547
new_equioc,26-05-2008,11:14:28,37.77658,-122.39544
new_equioc,26-05-2008,11:15:29,37.77653,-122.39545
new_equioc,26-05-2008,11:16:29,37.77657,-122.39546
new_equioc,26-05-2008,11:17:30,37.77671,-122.39549
new_equioc,26-05-2008,11:18:30,37.77675,-122.39548
new_equioc,26-05-2008,11:19:31,37.77675,-122.39548
new_equioc,26-05-2008,11:20:41,37.77672,-122.39549
new_equioc,26-05-2008,11:21:35,37.77667,-122.3955
new_equioc,26-05-2008,11:22:00,37.77669,-122.39552
new_equioc,26-05-2008,11:23:00,37.77672,-122.39552
new_equioc,26-05-2008,11:24:00,37.77671,-122.39549
new_equioc,26-05-2008,11:25:10,37.77681,-122.39554
new_equioc,26-05-2008,11:25:51,37.77669,-122.39548
new_equioc,26-05-2008,11:26:40,37.77671,-122.3955
new_equioc,26-05-2008,11:27:46,37.77664,-122.39541
new_equioc,26-05-2008,11:28:45,37.77665,-122.39542
new_equioc,26-05-2008,11:29:45,37.77665,-122.39541
new_equioc,26-05-2008,11:30:47,37.77665,-122.3954
new_equioc,26-05-2008,11:31:42,37.77665,-122.3954
new_equioc,26-05-2008,11:32:42,37.77666,-122.39546
new_equioc,26-05-2008,11:33:43,37.77653,-122.39539
new_equioc,26-05-2008,11:34:42,37.77663,-122.39539
new_equioc,26-05-2008,11:35:37,37.77667,-122.39543
new_equioc,26-05-2008,11:36:37,37.77657,-122.3954
new_equioc,26-05-2008,11:37:37,37.77661,-122.39542
new_equioc,26-05-2008,11:38:37,37.77673,-122.39542
new_equioc,26-05-2008,11:39:37,37.77667,-122.39539
new_equioc,26-05-2008,11:40:38,37.7767,-122.39542
new_equioc,26-05-2008,11:41:39,37.77676,-122.39544
new_equioc,26-05-2008,11:42:39,37.7766,-122.3954
new_equioc,26-05-2008,11:43:15,37.77661,-122.3954
new_equioc,26-05-2008,11:44:16,37.77665,-122.39539
new_equioc,26-05-2008,11:45:10,37.7766,-122.39539
new_equioc,26-05-2008,11:46:12,37.77662,-122.39538
new_equioc,26-05-2008,11:47:11,37.77663,-122.39539
new_equioc,26-05-2008,11:48:11,37.77651,-122.39532
new_equioc,26-05-2008,11:49:11,37.77654,-122.39536
new_equioc,26-05-2008,11:50:12,37.77656,-122.39536
new_equioc,26-05-2008,11:51:11,37.77656,-122.39536
new_equioc,26-05-2008,11:52:12,37.77662,-122.39539
new_equioc,26-05-2008,11:53:16,37.77659,-122.39534
new_equioc,26-05-2008,11:54:19,37.77656,-122.39534
new_equioc,26-05-2008,11:55:13,37.77663,-122.39539
new_equioc,26-05-2008,11:56:15,37.77666,-122.39538
new_equioc,26-05-2008,11:57:15,37.77633,-122.39602
new_equioc,26-05-2008,11:58:16,37.77765,-122.40021
new_equioc,26-05-2008,11:59:18,37.78041,-122.40357
new_equioc,26-05-2008,12:00:21,37.78337,-122.40716
new_equioc,26-05-2008,12:00:49,37.784,-122.40806
new_equioc,26-05-2008,12:01:49,37.78502,-122.40909
new_equioc,26-05-2008,12:02:49,37.78453,-122.41499
new_equioc,26-05-2008,12:03:22,37.78453,-122.41544
new_equioc,26-05-2008,12:04:23,37.78449,-122.41542
new_equioc,26-05-2008,12:05:34,37.78457,-122.41544
new_equioc,26-05-2008,12:06:12,37.78482,-122.4155
new_equioc,26-05-2008,12:07:23,37.78455,-122.41544
new_equioc,26-05-2008,12:08:07,37.78452,-122.41544
new_equioc,26-05-2008,12:09:07,37.78456,-122.41543
new_equioc,26-05-2008,12:10:07,37.78446,-122.41543
new_equioc,26-05-2008,12:11:13,37.78448,-122.41543
new_equioc,26-05-2008,12:12:09,37.78449,-122.41544
new_equioc,26-05-2008,12:13:09,37.78449,-122.41545
new_equioc,26-05-2008,12:14:09,37.7845,-122.41546
new_equioc,26-05-2008,12:15:09,37.78446,-122.41544
new_equioc,26-05-2008,12:15:51,37.78454,-122.41545
new_equioc,26-05-2008,12:16:43,37.7846,-122.41545
new_equioc,26-05-2008,12:17:46,37.78461,-122.41546
new_equioc,26-05-2008,12:18:55,37.78457,-122.41547
new_equioc,26-05-2008,12:20:41,37.78449,-122.41545
new_equioc,26-05-2008,12:21:35,37.78449,-122.41545
new_equioc,26-05-2008,12:22:46,37.7845,-122.41543
new_equioc,26-05-2008,12:23:33,37.78449,-122.41546
new_equioc,26-05-2008,12:24:33,37.78448,-122.41547
new_equioc,26-05-2008,12:25:34,37.78442,-122.41546
new_equioc,26-05-2008,12:26:12,37.78447,-122.41546
new_equioc,26-05-2008,12:26:32,37.78448,-122.41545
new_equioc,26-05-2008,12:27:32,37.78445,-122.41544
new_equioc,26-05-2008,12:29:01,37.78445,-122.41545
new_equioc,26-05-2008,12:29:31,37.78444,-122.41545
new_equioc,26-05-2008,12:30:31,37.78423,-122.41604
new_equioc,26-05-2008,12:31:32,37.78351,-122.41514
new_equioc,26-05-2008,12:32:31,37.7836,-122.41522
new_equioc,26-05-2008,12:33:36,37.78357,-122.41508
new_equioc,26-05-2008,12:34:31,37.78357,-122.41509
new_equioc,26-05-2008,12:35:43,37.78361,-122.41514
new_equioc,26-05-2008,12:36:37,37.7836,-122.41513
new_equioc,26-05-2008,12:37:38,37.78358,-122.41509
new_equioc,26-05-2008,12:38:41,37.78347,-122.41503
new_equioc,26-05-2008,12:39:34,37.78344,-122.41501
new_equioc,26-05-2008,12:40:33,37.78373,-122.41523
new_equioc,26-05-2008,12:40:41,37.78374,-122.41523
new_equioc,26-05-2008,12:41:04,37.78367,-122.41441
new_equioc,26-05-2008,12:41:11,37.78368,-122.41438
new_equioc,26-05-2008,12:42:13,37.78401,-122.41828
new_equioc,26-05-2008,12:43:13,37.78543,-122.42298
new_equioc,26-05-2008,12:44:14,37.79166,-122.42422
new_equioc,26-05-2008,12:46:14,37.80092,-122.42619
new_equioc,26-05-2008,12:47:23,37.80094,-122.42762
new_equioc,26-05-2008,12:48:15,37.7998,-122.43653
new_equioc,26-05-2008,12:49:15,37.79891,-122.44358
new_equioc,26-05-2008,12:50:15,37.79882,-122.44473
new_equioc,26-05-2008,12:51:21,37.79757,-122.44897
new_equioc,26-05-2008,12:52:17,37.80063,-122.45389
new_equioc,26-05-2008,12:53:28,37.80155,-122.4601
new_equioc,26-05-2008,12:54:23,37.80092,-122.46274
new_equioc,26-05-2008,12:55:22,37.80077,-122.46289
new_equioc,26-05-2008,12:56:31,37.79875,-122.46478
new_equioc,26-05-2008,12:57:22,37.7986,-122.46564
new_equioc,26-05-2008,12:57:32,37.79859,-122.46564
new_equioc,26-05-2008,12:58:58,37.79856,-122.46563
new_equioc,26-05-2008,12:59:31,37.79857,-122.46565
new_equioc,26-05-2008,12:59:38,37.79858,-122.46565
new_equioc,26-05-2008,13:00:33,37.79987,-122.46518
new_equioc,26-05-2008,13:01:34,37.8016,-122.46359
new_equioc,26-05-2008,13:02:33,37.79982,-122.45932
new_equioc,26-05-2008,13:04:33,37.8016,-122.45738
new_equioc,26-05-2008,13:05:18,37.8016,-122.45738
new_equioc,26-05-2008,13:06:20,37.801,-122.45489
new_equioc,26-05-2008,13:07:26,37.79761,-122.4513
new_equioc,26-05-2008,13:08:38,37.79857,-122.44634
new_equioc,26-05-2008,13:09:37,37.79898,-122.44237
new_equioc,26-05-2008,13:10:30,37.79651,-122.44031
new_equioc,26-05-2008,13:11:44,37.79717,-122.43473
new_equioc,26-05-2008,13:12:27,37.79768,-122.43046
new_equioc,26-05-2008,13:13:20,37.79768,-122.43045
new_equioc,26-05-2008,13:13:48,37.79791,-122.42887
new_equioc,26-05-2008,13:14:02,37.79803,-122.42797
new_equioc,26-05-2008,13:14:09,37.79816,-122.4269
new_equioc,26-05-2008,13:15:03,37.7978,-122.42389
new_equioc,26-05-2008,13:16:03,37.79589,-122.42208
new_equioc,26-05-2008,13:17:08,37.7962,-122.41787
new_equioc,26-05-2008,13:18:03,37.79787,-122.4066
new_equioc,26-05-2008,13:19:03,37.7961,-122.40054
new_equioc,26-05-2008,13:20:03,37.79506,-122.3982
new_equioc,26-05-2008,13:20:48,37.79669,-122.39803
new_equioc,26-05-2008,13:21:42,37.79708,-122.39784
new_equioc,26-05-2008,13:21:50,37.79708,-122.39784
new_equioc,26-05-2008,13:22:48,37.79615,-122.39688
new_equioc,26-05-2008,13:23:44,37.79565,-122.4015
new_equioc,26-05-2008,13:24:44,37.79654,-122.40547
new_equioc,26-05-2008,13:25:44,37.79917,-122.40872
new_equioc,26-05-2008,13:26:49,37.80186,-122.40946
new_equioc,26-05-2008,13:27:45,37.80554,-122.41021
new_equioc,26-05-2008,13:28:45,37.80749,-122.41228
new_equioc,26-05-2008,13:29:44,37.80831,-122.41503
new_equioc,26-05-2008,13:30:45,37.80771,-122.42027
new_equioc,26-05-2008,13:31:45,37.80665,-122.41947
new_equioc,26-05-2008,13:33:01,37.80602,-122.4176
new_equioc,26-05-2008,13:33:38,37.80606,-122.41755
new_equioc,26-05-2008,13:34:42,37.8065,-122.41215
new_equioc,26-05-2008,13:35:38,37.80219,-122.41133
new_equioc,26-05-2008,13:36:38,37.8002,-122.4111
new_equioc,26-05-2008,13:38:06,37.79918,-122.41965
new_equioc,26-05-2008,13:39:03,37.79728,-122.42209
new_equioc,26-05-2008,13:40:03,37.79522,-122.42167
new_equioc,26-05-2008,13:40:35,37.79251,-122.42107
new_equioc,26-05-2008,13:41:35,37.79069,-122.421
new_equioc,26-05-2008,13:42:44,37.79095,-122.41752
new_equioc,26-05-2008,13:43:45,37.7893,-122.41702
new_equioc,26-05-2008,13:43:47,37.78896,-122.41693
new_equioc,26-05-2008,13:44:05,37.78832,-122.41677
new_equioc,26-05-2008,13:44:06,37.78831,-122.41674
new_equioc,26-05-2008,13:45:07,37.78644,-122.41635
new_equioc,26-05-2008,13:46:07,37.78124,-122.41561
new_equioc,26-05-2008,13:47:17,37.7786,-122.41466
new_equioc,26-05-2008,13:47:20,37.77853,-122.41462
new_equioc,26-05-2008,13:48:20,37.77723,-122.41269
new_equioc,26-05-2008,13:49:22,37.77649,-122.40808
new_equioc,26-05-2008,13:50:26,37.77933,-122.40228
new_equioc,26-05-2008,13:51:21,37.77711,-122.39943
new_equioc,26-05-2008,13:52:24,37.77586,-122.39655
new_equioc,26-05-2008,13:53:21,37.77642,-122.3957
new_equioc,26-05-2008,13:54:28,37.77645,-122.39561
new_equioc,26-05-2008,13:55:26,37.77648,-122.3956
new_equioc,26-05-2008,13:56:24,37.77648,-122.39561
new_equioc,26-05-2008,13:57:24,37.77647,-122.3956
new_equioc,26-05-2008,13:58:30,37.77648,-122.39558
new_equioc,26-05-2008,13:59:25,37.77647,-122.39559
new_equioc,26-05-2008,14:00:30,37.77646,-122.3956
new_equioc,26-05-2008,14:01:29,37.77648,-122.39563
new_equioc,26-05-2008,14:02:27,37.7765,-122.39564
new_equioc,26-05-2008,14:03:27,37.7766,-122.39545
new_equioc,26-05-2008,14:04:28,37.77667,-122.39543
new_equioc,26-05-2008,14:05:34,37.77667,-122.39542
new_equioc,26-05-2008,14:06:29,37.77666,-122.39541
new_equioc,26-05-2008,14:07:29,37.77666,-122.3954
new_equioc,26-05-2008,14:08:31,37.77665,-122.3954
new_equioc,26-05-2008,14:09:30,37.77664,-122.3954
new_equioc,26-05-2008,14:10:30,37.77665,-122.39541
new_equioc,26-05-2008,14:11:30,37.77665,-122.39541
new_equioc,26-05-2008,14:12:32,37.77662,-122.3954
new_equioc,26-05-2008,14:13:31,37.77664,-122.39541
new_equioc,26-05-2008,14:14:31,37.77665,-122.39541
new_equioc,26-05-2008,14:15:33,37.7767,-122.39543
new_equioc,26-05-2008,14:16:32,37.7767,-122.39544
new_equioc,26-05-2008,14:17:33,37.77663,-122.39543
new_equioc,26-05-2008,14:18:33,37.77664,-122.39542
new_equioc,26-05-2008,14:19:34,37.77664,-122.39537
new_equioc,26-05-2008,14:20:34,37.77668,-122.3954
new_equioc,26-05-2008,14:21:35,37.77664,-122.39542
new_equioc,26-05-2008,14:22:35,37.77671,-122.39543
new_equioc,26-05-2008,14:23:36,37.77677,-122.39544
new_equioc,26-05-2008,14:24:36,37.7766,-122.39543
new_equioc,26-05-2008,14:25:37,37.77661,-122.39542
new_equioc,26-05-2008,14:26:37,37.77667,-122.39543
new_equioc,26-05-2008,14:27:38,37.77677,-122.39543
new_equioc,26-05-2008,14:28:38,37.77661,-122.39539
new_equioc,26-05-2008,14:29:39,37.7766,-122.39544
new_equioc,26-05-2008,14:30:32,37.77663,-122.39547
new_equioc,26-05-2008,14:31:01,37.77788,-122.39411
new_equioc,26-05-2008,14:31:08,37.77849,-122.39345
new_equioc,26-05-2008,14:32:03,37.78134,-122.39141
new_equioc,26-05-2008,14:33:03,37.78307,-122.39342
new_equioc,26-05-2008,14:34:10,37.7855,-122.39654
new_equioc,26-05-2008,14:35:06,37.78801,-122.39959
new_equioc,26-05-2008,14:35:29,37.78823,-122.39945
new_equioc,26-05-2008,14:35:35,37.78829,-122.39947
new_equioc,26-05-2008,14:36:40,37.7905,-122.39879
new_equioc,26-05-2008,14:37:30,37.78989,-122.39825
new_equioc,26-05-2008,14:39:01,37.78124,-122.39079
new_equioc,26-05-2008,14:40:02,37.77796,-122.39423
new_equioc,26-05-2008,14:41:02,37.77654,-122.39563
new_equioc,26-05-2008,14:41:23,37.77655,-122.39564
new_equioc,26-05-2008,14:41:58,37.77544,-122.39707
new_equioc,26-05-2008,14:42:10,37.77541,-122.39711
new_equioc,26-05-2008,14:42:59,37.77033,-122.40357
new_equioc,26-05-2008,14:43:59,37.76931,-122.40883
new_equioc,26-05-2008,14:45:00,37.76944,-122.41089
new_equioc,26-05-2008,14:46:02,37.76972,-122.4149
new_equioc,26-05-2008,14:47:05,37.77012,-122.41928
new_equioc,26-05-2008,14:48:00,37.76978,-122.42439
new_equioc,26-05-2008,14:48:50,37.76799,-122.42854
new_equioc,26-05-2008,14:49:52,37.76773,-122.43098
new_equioc,26-05-2008,14:49:54,37.76774,-122.43098
new_equioc,26-05-2008,14:50:54,37.76696,-122.43117
new_equioc,26-05-2008,14:51:59,37.76604,-122.43039
new_equioc,26-05-2008,14:52:54,37.76625,-122.42615
new_equioc,26-05-2008,14:53:54,37.76805,-122.42236
new_equioc,26-05-2008,14:54:54,37.76647,-122.4226
new_equioc,26-05-2008,14:55:54,37.7665,-122.4227
new_equioc,26-05-2008,14:57:23,37.76645,-122.42278
new_equioc,26-05-2008,14:57:29,37.76952,-122.42453
new_equioc,26-05-2008,14:57:36,37.76962,-122.42444
new_equioc,26-05-2008,14:57:52,37.76964,-122.42446
new_equioc,26-05-2008,14:58:45,37.77369,-122.42108
new_equioc,26-05-2008,14:59:44,37.77547,-122.42104
new_equioc,26-05-2008,15:00:39,37.78063,-122.42226
new_equioc,26-05-2008,15:01:39,37.78488,-122.42046
new_equioc,26-05-2008,15:02:41,37.78543,-122.41506
new_equioc,26-05-2008,15:03:49,37.78604,-122.40975
new_equioc,26-05-2008,15:04:04,37.78575,-122.40964
new_equioc,26-05-2008,15:04:09,37.78575,-122.40963
new_equioc,26-05-2008,15:05:05,37.78401,-122.40775
new_equioc,26-05-2008,15:06:08,37.7802,-122.40322
new_equioc,26-05-2008,15:07:05,37.77795,-122.40056
new_equioc,26-05-2008,15:08:16,37.7765,-122.39871
new_equioc,26-05-2008,15:09:07,37.7766,-122.39546
new_equioc,26-05-2008,15:10:06,37.77661,-122.39549
new_equioc,26-05-2008,15:11:07,37.77627,-122.39429
new_equioc,26-05-2008,15:12:07,37.76617,-122.39433
new_equioc,26-05-2008,15:13:07,37.75302,-122.39158
new_equioc,26-05-2008,15:13:51,37.74094,-122.39874
new_equioc,26-05-2008,15:14:57,37.72772,-122.40287
new_equioc,26-05-2008,15:15:37,37.71492,-122.39805
new_equioc,26-05-2008,15:16:29,37.70181,-122.39368
new_equioc,26-05-2008,15:17:33,37.68713,-122.39037
new_equioc,26-05-2008,15:19:30,37.65868,-122.40544
new_equioc,26-05-2008,15:23:57,37.6032,-122.37925
new_equioc,26-05-2008,15:24:57,37.60477,-122.37715
new_equioc,26-05-2008,15:25:48,37.60461,-122.37915
new_equioc,26-05-2008,15:27:03,37.60465,-122.37914
new_equioc,26-05-2008,15:29:03,37.60465,-122.37914
new_equioc,26-05-2008,15:30:05,37.60465,-122.37915
new_equioc,26-05-2008,15:30:59,37.60491,-122.37756
new_equioc,26-05-2008,15:32:00,37.60526,-122.38396
new_equioc,26-05-2008,15:36:27,37.61645,-122.38615
new_equioc,26-05-2008,15:49:27,37.61662,-122.38814
new_equioc,26-05-2008,15:49:28,37.6162,-122.38836
new_equioc,26-05-2008,15:50:26,37.61617,-122.38836
new_equioc,26-05-2008,15:52:15,37.64156,-122.40585
new_equioc,26-05-2008,15:53:08,37.65509,-122.40678
new_equioc,26-05-2008,15:54:05,37.66593,-122.39639
new_equioc,26-05-2008,15:54:36,37.67771,-122.38832
new_equioc,26-05-2008,15:55:31,37.69219,-122.3912
new_equioc,26-05-2008,15:55:47,37.69219,-122.3912
new_equioc,26-05-2008,15:56:28,37.70579,-122.39423
new_equioc,26-05-2008,15:57:12,37.71913,-122.3995
new_equioc,26-05-2008,15:58:07,37.73199,-122.40476
new_equioc,26-05-2008,15:59:01,37.74541,-122.40472
new_equioc,26-05-2008,16:00:01,37.74925,-122.40513
new_equioc,26-05-2008,16:01:01,37.74841,-122.40997
new_equioc,26-05-2008,16:02:02,37.74824,-122.4181
new_equioc,26-05-2008,16:03:01,37.74788,-122.42435
new_equioc,26-05-2008,16:04:12,37.74767,-122.42788
new_equioc,26-05-2008,16:05:11,37.74817,-122.43286
new_equioc,26-05-2008,16:06:07,37.74806,-122.43477
new_equioc,26-05-2008,16:06:13,37.74805,-122.43482
new_equioc,26-05-2008,16:07:10,37.74887,-122.43437
new_equioc,26-05-2008,16:08:09,37.75151,-122.43411
new_equioc,26-05-2008,16:09:09,37.75507,-122.43443
new_equioc,26-05-2008,16:10:09,37.75917,-122.43483
new_equioc,26-05-2008,16:11:14,37.76083,-122.43498
new_equioc,26-05-2008,16:12:09,37.76325,-122.43428
new_equioc,26-05-2008,16:13:09,37.76575,-122.4311
new_equioc,26-05-2008,16:13:46,37.76706,-122.42944
new_equioc,26-05-2008,16:14:47,37.7676,-122.42875
new_equioc,26-05-2008,16:15:57,37.76985,-122.42591
new_equioc,26-05-2008,16:16:48,37.77486,-122.42085
new_equioc,26-05-2008,16:17:48,37.77829,-122.42155
new_equioc,26-05-2008,16:18:50,37.78122,-122.41909
new_equioc,26-05-2008,16:19:53,37.78366,-122.41951
new_equioc,26-05-2008,16:20:49,37.78689,-122.41999
new_equioc,26-05-2008,16:21:40,37.78792,-122.42024
new_equioc,26-05-2008,16:22:03,37.78849,-122.42033
new_equioc,26-05-2008,16:22:07,37.78886,-122.4202
new_equioc,26-05-2008,16:22:15,37.78902,-122.42019
new_equioc,26-05-2008,16:22:35,37.78911,-122.4208
new_equioc,26-05-2008,16:23:42,37.78939,-122.42222
new_equioc,26-05-2008,16:24:42,37.78577,-122.42158
new_equioc,26-05-2008,16:25:35,37.78326,-122.42106
new_equioc,26-05-2008,16:26:35,37.78275,-122.42176
new_equioc,26-05-2008,16:27:41,37.7811,-122.42803
new_equioc,26-05-2008,16:28:40,37.77907,-122.43355
new_equioc,26-05-2008,16:29:58,37.77616,-122.43301
new_equioc,26-05-2008,16:30:10,37.77597,-122.43286
new_equioc,26-05-2008,16:30:11,37.77596,-122.43286
new_equioc,26-05-2008,16:33:11,37.77566,-122.43118
new_equioc,26-05-2008,16:34:16,37.77875,-122.43183
new_equioc,26-05-2008,16:35:12,37.78305,-122.43268
new_equioc,26-05-2008,16:36:12,37.78499,-122.43301
new_equioc,26-05-2008,16:37:12,37.7857,-122.42883
new_equioc,26-05-2008,16:38:19,37.78618,-122.42516
new_equioc,26-05-2008,16:39:13,37.78695,-122.42032
new_equioc,26-05-2008,16:40:14,37.78934,-122.4204
new_equioc,26-05-2008,16:41:14,37.79142,-122.42121
new_equioc,26-05-2008,16:41:46,37.79227,-122.42109
new_equioc,26-05-2008,16:42:08,37.79229,-122.42102
new_equioc,26-05-2008,16:42:12,37.79229,-122.42102
new_equioc,26-05-2008,16:44:13,37.79662,-122.42202
new_equioc,26-05-2008,16:45:13,37.79782,-122.42311
new_equioc,26-05-2008,16:45:28,37.79774,-122.42317
new_equioc,26-05-2008,16:46:28,37.79851,-122.42259
new_equioc,26-05-2008,16:47:28,37.80042,-122.42428
new_equioc,26-05-2008,16:48:28,37.80073,-122.42779
new_equioc,26-05-2008,16:49:28,37.80131,-122.4322
new_equioc,26-05-2008,16:50:28,37.80075,-122.43701
new_equioc,26-05-2008,16:51:28,37.80051,-122.43898
new_equioc,26-05-2008,16:53:34,37.79937,-122.44108
new_equioc,26-05-2008,16:54:39,37.79643,-122.44045
new_equioc,26-05-2008,16:55:33,37.79712,-122.4352
new_equioc,26-05-2008,16:56:32,37.79764,-122.43102
new_equioc,26-05-2008,16:57:32,37.79807,-122.42756
new_equioc,26-05-2008,16:58:43,37.79826,-122.42591
new_equioc,26-05-2008,16:59:34,37.79848,-122.42435
new_equioc,26-05-2008,17:00:25,37.79865,-122.42309
new_equioc,26-05-2008,17:01:17,37.80247,-122.42308
new_equioc,26-05-2008,17:03:43,37.8054,-122.42373
new_equioc,26-05-2008,17:04:18,37.80662,-122.42092
new_equioc,26-05-2008,17:05:21,37.80593,-122.41843
new_equioc,26-05-2008,17:06:19,37.80614,-122.4166
new_equioc,26-05-2008,17:07:19,37.80616,-122.41639
new_equioc,26-05-2008,17:08:30,37.80607,-122.41634
new_equioc,26-05-2008,17:09:26,37.80609,-122.41637
new_equioc,26-05-2008,17:11:26,37.80622,-122.41036
new_equioc,26-05-2008,17:12:34,37.80567,-122.41357
new_equioc,26-05-2008,17:14:26,37.80424,-122.42445
new_equioc,26-05-2008,17:15:17,37.80193,-122.42786
new_equioc,26-05-2008,17:16:18,37.80128,-122.4328
new_equioc,26-05-2008,17:17:17,37.80073,-122.43713
new_equioc,26-05-2008,17:18:17,37.80047,-122.43916
new_equioc,26-05-2008,17:19:17,37.80022,-122.44104
new_equioc,26-05-2008,17:19:46,37.80014,-122.44197
new_equioc,26-05-2008,17:20:16,37.80003,-122.44268
new_equioc,26-05-2008,17:20:18,37.79942,-122.44277
new_equioc,26-05-2008,17:20:19,37.79931,-122.44273
new_equioc,26-05-2008,17:21:21,37.79907,-122.44269
new_equioc,26-05-2008,17:22:20,37.79975,-122.43641
new_equioc,26-05-2008,17:23:20,37.80018,-122.4331
new_equioc,26-05-2008,17:24:25,37.80095,-122.42689
new_equioc,26-05-2008,17:24:44,37.80089,-122.42447
new_equioc,26-05-2008,17:25:44,37.79617,-122.42351
new_equioc,26-05-2008,17:26:49,37.79319,-122.42286
new_equioc,26-05-2008,17:27:45,37.79337,-122.42035
new_equioc,26-05-2008,17:28:44,37.79294,-122.41775
new_equioc,26-05-2008,17:29:42,37.79333,-122.41389
new_equioc,26-05-2008,17:29:43,37.79333,-122.4139
new_equioc,26-05-2008,17:30:44,37.79373,-122.41023
new_equioc,26-05-2008,17:31:44,37.79404,-122.4083
new_equioc,26-05-2008,17:32:45,37.79278,-122.40763
new_equioc,26-05-2008,17:33:45,37.78901,-122.40959
new_equioc,26-05-2008,17:34:46,37.78842,-122.41503
new_equioc,26-05-2008,17:35:48,37.7877,-122.42009
new_equioc,26-05-2008,17:36:48,37.78734,-122.41602
new_equioc,26-05-2008,17:37:48,37.78808,-122.41033
new_equioc,26-05-2008,17:38:49,37.78493,-122.40949
new_equioc,26-05-2008,17:39:49,37.7843,-122.40842
new_equioc,26-05-2008,17:40:50,37.78106,-122.40447
new_equioc,26-05-2008,17:41:33,37.77869,-122.40146
new_equioc,26-05-2008,17:42:51,37.77611,-122.39624
new_equioc,26-05-2008,17:43:46,37.77656,-122.39442
new_equioc,26-05-2008,17:44:46,37.77389,-122.39556
new_equioc,26-05-2008,17:45:47,37.77263,-122.39729
new_equioc,26-05-2008,17:46:46,37.77262,-122.39728
new_equioc,26-05-2008,17:48:11,37.77266,-122.39732
new_equioc,26-05-2008,17:48:13,37.7738,-122.39586
new_equioc,26-05-2008,17:48:15,37.77371,-122.39563
new_equioc,26-05-2008,17:48:26,37.7737,-122.39562
new_equioc,26-05-2008,17:49:16,37.77458,-122.39645
new_equioc,26-05-2008,17:50:16,37.76315,-122.39281
new_equioc,26-05-2008,17:51:12,37.74961,-122.39248
new_equioc,26-05-2008,17:51:53,37.73817,-122.40129
new_equioc,26-05-2008,17:52:52,37.72485,-122.40172
new_equioc,26-05-2008,17:53:39,37.71217,-122.39621
new_equioc,26-05-2008,17:54:22,37.6991,-122.39303
new_equioc,26-05-2008,17:55:19,37.68595,-122.39007
new_equioc,26-05-2008,18:01:53,37.61454,-122.38972
new_equioc,26-05-2008,18:02:21,37.61449,-122.38971
new_equioc,26-05-2008,18:02:28,37.6145,-122.38975
new_equioc,26-05-2008,18:03:32,37.61615,-122.39098
new_equioc,26-05-2008,18:04:33,37.62044,-122.3993
new_equioc,26-05-2008,18:07:57,37.66874,-122.39359
new_equioc,26-05-2008,18:08:47,37.682,-122.38887
new_equioc,26-05-2008,18:09:38,37.69534,-122.39188
new_equioc,26-05-2008,18:10:25,37.70842,-122.39479
new_equioc,26-05-2008,18:11:09,37.72104,-122.39988
new_equioc,26-05-2008,18:11:59,37.73397,-122.40563
new_equioc,26-05-2008,18:12:50,37.74476,-122.3949
new_equioc,26-05-2008,18:13:48,37.75806,-122.39218
new_equioc,26-05-2008,18:14:34,37.76978,-122.39727
new_equioc,26-05-2008,18:15:35,37.77627,-122.39909
new_equioc,26-05-2008,18:16:40,37.77697,-122.39528
new_equioc,26-05-2008,18:17:48,37.77656,-122.39553
new_equioc,26-05-2008,18:18:40,37.77654,-122.39544
new_equioc,26-05-2008,18:18:58,37.77656,-122.39539
new_equioc,26-05-2008,18:19:59,37.77664,-122.39546
new_equioc,26-05-2008,18:20:59,37.77661,-122.39546
new_equioc,26-05-2008,18:22:02,37.77662,-122.39536
new_equioc,26-05-2008,18:23:01,37.77658,-122.39539
new_equioc,26-05-2008,18:24:00,37.77664,-122.39537
new_equioc,26-05-2008,18:25:05,37.77671,-122.39535
new_equioc,26-05-2008,18:25:50,37.77665,-122.39538
new_equioc,26-05-2008,18:26:11,37.77659,-122.39565
new_equioc,26-05-2008,18:26:13,37.77649,-122.39579
new_equioc,26-05-2008,18:26:19,37.77637,-122.39593
new_equioc,26-05-2008,18:27:21,37.77239,-122.401
new_equioc,26-05-2008,18:28:17,37.7695,-122.40631
new_equioc,26-05-2008,18:29:21,37.76925,-122.40892
new_equioc,26-05-2008,18:29:50,37.76959,-122.41038
new_equioc,26-05-2008,18:30:49,37.7698,-122.41381
new_equioc,26-05-2008,18:31:59,37.76996,-122.41697
new_equioc,26-05-2008,18:33:04,37.76986,-122.42354
new_equioc,26-05-2008,18:33:55,37.76981,-122.42401
new_equioc,26-05-2008,18:34:56,37.77056,-122.42785
new_equioc,26-05-2008,18:35:52,37.77403,-122.42899
new_equioc,26-05-2008,18:36:51,37.7749,-122.43092
new_equioc,26-05-2008,18:37:51,37.77416,-122.43708
new_equioc,26-05-2008,18:38:52,37.77571,-122.43787
new_equioc,26-05-2008,18:39:51,37.78239,-122.43921
new_equioc,26-05-2008,18:40:52,37.78644,-122.44015
new_equioc,26-05-2008,18:41:50,37.78872,-122.44066
new_equioc,26-05-2008,18:42:45,37.79041,-122.44089
new_equioc,26-05-2008,18:43:29,37.79041,-122.4409
new_equioc,26-05-2008,18:44:29,37.7912,-122.43937
new_equioc,26-05-2008,18:45:32,37.79398,-122.4399
new_equioc,26-05-2008,18:46:31,37.79647,-122.44008
new_equioc,26-05-2008,18:47:32,37.79704,-122.43567
new_equioc,26-05-2008,18:48:32,37.79745,-122.43259
new_equioc,26-05-2008,18:48:55,37.79754,-122.43235
new_equioc,26-05-2008,18:49:19,37.79764,-122.43141
new_equioc,26-05-2008,18:49:28,37.79767,-122.43107
new_equioc,26-05-2008,18:50:21,37.79493,-122.43023
new_equioc,26-05-2008,18:51:21,37.79088,-122.42928
new_equioc,26-05-2008,18:52:31,37.78923,-122.4317
new_equioc,26-05-2008,18:53:26,37.78878,-122.43595
new_equioc,26-05-2008,18:54:21,37.78816,-122.44035
new_equioc,26-05-2008,18:55:21,37.78739,-122.44642
new_equioc,26-05-2008,18:55:59,37.78737,-122.44648
new_equioc,26-05-2008,18:56:59,37.7877,-122.44547
new_equioc,26-05-2008,18:58:09,37.78738,-122.44376
new_equioc,26-05-2008,18:59:02,37.7859,-122.44344
new_equioc,26-05-2008,19:00:00,37.78621,-122.43957
new_equioc,26-05-2008,19:01:10,37.78715,-122.43194
new_equioc,26-05-2008,19:02:01,37.78799,-122.42557
new_equioc,26-05-2008,19:03:00,37.78569,-122.42478
new_equioc,26-05-2008,19:04:00,37.78115,-122.42382
new_equioc,26-05-2008,19:05:00,37.77607,-122.42191
new_equioc,26-05-2008,19:05:20,37.77624,-122.42071
new_equioc,26-05-2008,19:06:21,37.77642,-122.41902
new_equioc,26-05-2008,19:07:27,37.7721,-122.41191
new_equioc,26-05-2008,19:08:21,37.77473,-122.40415
new_equioc,26-05-2008,19:09:09,37.77491,-122.40119
new_equioc,26-05-2008,19:10:09,37.76629,-122.39458
new_equioc,26-05-2008,19:11:19,37.75335,-122.39253
new_equioc,26-05-2008,19:12:10,37.75541,-122.38829
new_equioc,26-05-2008,19:13:10,37.75516,-122.3919
new_equioc,26-05-2008,19:14:15,37.75011,-122.39265
new_equioc,26-05-2008,19:16:21,37.75163,-122.3953
new_equioc,26-05-2008,19:17:12,37.75156,-122.39532
new_equioc,26-05-2008,19:17:49,37.75156,-122.39532
new_equioc,26-05-2008,19:18:11,37.75157,-122.39532
new_equioc,26-05-2008,19:19:11,37.75158,-122.39531
new_equioc,26-05-2008,19:21:11,37.75137,-122.39539
new_equioc,26-05-2008,19:24:19,37.7514,-122.39536
new_equioc,26-05-2008,19:25:18,37.7514,-122.39397
new_equioc,26-05-2008,19:26:24,37.75167,-122.3939
new_equioc,26-05-2008,19:27:19,37.75165,-122.39387
new_equioc,26-05-2008,19:29:19,37.75164,-122.39387
new_equioc,26-05-2008,19:30:24,37.75165,-122.39387
new_equioc,26-05-2008,19:31:29,37.75165,-122.39388
new_equioc,26-05-2008,19:32:18,37.75165,-122.39388
new_equioc,26-05-2008,19:33:18,37.75164,-122.39387
new_equioc,26-05-2008,19:33:33,37.75164,-122.39387
new_equioc,26-05-2008,19:34:05,37.75165,-122.39388
new_equioc,26-05-2008,19:34:50,37.75165,-122.39389
new_equioc,26-05-2008,19:35:51,37.75165,-122.39389
new_equioc,26-05-2008,19:36:53,37.75165,-122.39385
new_equioc,26-05-2008,19:37:18,37.75165,-122.39385
new_equioc,26-05-2008,19:37:53,37.75167,-122.39387
new_equioc,26-05-2008,19:38:58,37.75168,-122.39387
new_equioc,26-05-2008,19:39:53,37.75165,-122.39387
new_equioc,26-05-2008,19:40:53,37.75163,-122.39386
new_equioc,26-05-2008,19:41:12,37.75163,-122.39386
new_equioc,26-05-2008,19:41:58,37.75164,-122.39389
new_equioc,26-05-2008,19:43:00,37.75164,-122.39389
new_equioc,26-05-2008,19:43:54,37.75163,-122.39389
new_equioc,26-05-2008,19:44:55,37.75162,-122.39389
new_equioc,26-05-2008,19:45:55,37.75162,-122.39386
new_equioc,26-05-2008,19:47:06,37.75163,-122.39387
new_equioc,26-05-2008,19:47:55,37.75164,-122.39388
new_equioc,26-05-2008,19:48:11,37.75164,-122.39388
new_equioc,26-05-2008,19:48:55,37.75165,-122.39392
new_equioc,26-05-2008,19:50:16,37.75165,-122.39391
new_equioc,26-05-2008,19:50:56,37.75166,-122.39391
new_equioc,26-05-2008,19:51:13,37.75166,-122.39391
new_equioc,26-05-2008,19:51:56,37.75166,-122.39389
new_equioc,26-05-2008,19:53:30,37.75166,-122.39389
new_equioc,26-05-2008,19:54:21,37.75166,-122.39389
new_equioc,26-05-2008,19:54:39,37.75166,-122.39389
new_equioc,26-05-2008,19:55:21,37.75165,-122.39389
new_equioc,26-05-2008,19:56:21,37.75165,-122.39389
new_equioc,26-05-2008,19:57:21,37.75165,-122.3939
new_equioc,26-05-2008,19:58:26,37.75164,-122.39389
new_equioc,26-05-2008,19:59:31,37.75163,-122.39388
new_equioc,26-05-2008,20:00:21,37.75163,-122.39388
new_equioc,26-05-2008,20:02:22,37.75165,-122.39389
new_equioc,26-05-2008,20:03:04,37.75166,-122.39388
new_equioc,26-05-2008,20:04:09,37.75166,-122.39389
new_equioc,26-05-2008,20:05:15,37.75167,-122.39389
new_equioc,26-05-2008,20:06:06,37.75166,-122.39388
new_equioc,26-05-2008,20:07:15,37.75165,-122.39388
new_equioc,26-05-2008,20:08:05,37.75165,-122.39388
new_equioc,26-05-2008,20:09:14,37.75165,-122.39389
new_equioc,26-05-2008,20:10:05,37.75165,-122.3939
new_equioc,26-05-2008,20:11:10,37.75165,-122.3939
new_equioc,26-05-2008,20:12:07,37.75164,-122.3939
new_equioc,26-05-2008,20:12:59,37.75164,-122.3939
new_equioc,26-05-2008,20:13:50,37.75165,-122.3939
new_equioc,26-05-2008,20:14:52,37.75164,-122.39389
new_equioc,26-05-2008,20:15:50,37.75163,-122.39389
new_equioc,26-05-2008,20:16:55,37.75163,-122.39388
new_equioc,26-05-2008,20:17:56,37.75163,-122.39386
new_equioc,26-05-2008,20:18:51,37.75163,-122.39388
new_equioc,26-05-2008,20:19:51,37.75163,-122.39388
new_equioc,26-05-2008,20:21:03,37.75166,-122.39392
new_equioc,26-05-2008,20:21:55,37.75165,-122.39389
new_equioc,26-05-2008,20:22:10,37.75165,-122.39389
new_equioc,26-05-2008,20:22:59,37.75165,-122.3939
new_equioc,26-05-2008,20:24:52,37.75167,-122.39391
new_equioc,26-05-2008,20:25:52,37.75166,-122.39392
new_equioc,26-05-2008,20:26:31,37.75165,-122.39391
new_equioc,26-05-2008,20:29:32,37.7516,-122.39388
new_equioc,26-05-2008,20:30:56,37.75163,-122.39389
new_equioc,26-05-2008,20:32:04,37.75153,-122.39385
new_equioc,26-05-2008,20:33:44,37.74993,-122.3931
new_equioc,26-05-2008,20:34:54,37.75291,-122.39081
new_equioc,26-05-2008,20:35:45,37.76322,-122.39258
new_equioc,26-05-2008,20:36:44,37.77327,-122.39755
new_equioc,26-05-2008,20:37:44,37.77613,-122.3942
new_equioc,26-05-2008,20:38:44,37.77832,-122.39199
new_equioc,26-05-2008,20:40:44,37.78464,-122.39994
new_equioc,26-05-2008,20:41:47,37.78706,-122.40289
new_equioc,26-05-2008,20:42:50,37.78978,-122.40333
new_equioc,26-05-2008,20:43:50,37.79235,-122.40434
new_equioc,26-05-2008,20:44:46,37.79624,-122.40528
new_equioc,26-05-2008,20:45:46,37.79843,-122.40771
new_equioc,26-05-2008,20:46:46,37.79953,-122.40906
new_equioc,26-05-2008,20:47:51,37.802,-122.41259
new_equioc,26-05-2008,20:48:46,37.80377,-122.41513
new_equioc,26-05-2008,20:49:51,37.80509,-122.41685
new_equioc,26-05-2008,20:50:46,37.80632,-122.41627
new_equioc,26-05-2008,20:51:46,37.80688,-122.41117
new_equioc,26-05-2008,20:52:47,37.80737,-122.40898
new_equioc,26-05-2008,20:53:48,37.80859,-122.41232
new_equioc,26-05-2008,20:55:04,37.80848,-122.41421
new_equioc,26-05-2008,20:55:48,37.80826,-122.4154
new_equioc,26-05-2008,20:56:48,37.80818,-122.41545
new_equioc,26-05-2008,20:57:09,37.80829,-122.41559
new_equioc,26-05-2008,20:58:19,37.80801,-122.41755
new_equioc,26-05-2008,21:00:09,37.80598,-122.41834
new_equioc,26-05-2008,21:00:29,37.80612,-122.41711
new_equioc,26-05-2008,21:00:53,37.80633,-122.41573
new_equioc,26-05-2008,21:01:57,37.80646,-122.41429
new_equioc,26-05-2008,21:02:44,37.80671,-122.4138
new_equioc,26-05-2008,21:03:52,37.80724,-122.41228
new_equioc,26-05-2008,21:04:49,37.8069,-122.41222
new_equioc,26-05-2008,21:05:44,37.80687,-122.41078
new_equioc,26-05-2008,21:06:45,37.80794,-122.40905
new_equioc,26-05-2008,21:07:45,37.80856,-122.41232
new_equioc,26-05-2008,21:07:59,37.80857,-122.41231
new_equioc,26-05-2008,21:08:21,37.80795,-122.41243
new_equioc,26-05-2008,21:08:23,37.80785,-122.41241
new_equioc,26-05-2008,21:09:23,37.80668,-122.41223
new_equioc,26-05-2008,21:10:23,37.80648,-122.41458
new_equioc,26-05-2008,21:11:24,37.80581,-122.41992
new_equioc,26-05-2008,21:12:24,37.80559,-122.42159
new_equioc,26-05-2008,21:13:24,37.80517,-122.42467
new_equioc,26-05-2008,21:14:50,37.80455,-122.42526
new_equioc,26-05-2008,21:14:54,37.80345,-122.42508
new_equioc,26-05-2008,21:16:03,37.80155,-122.42468
new_equioc,26-05-2008,21:16:50,37.79931,-122.42564
new_equioc,26-05-2008,21:17:55,37.79902,-122.4278
new_equioc,26-05-2008,21:18:10,37.79881,-122.42892
new_equioc,26-05-2008,21:19:24,37.7988,-122.42892
new_equioc,26-05-2008,21:19:25,37.79893,-122.42895
new_equioc,26-05-2008,21:19:57,37.79797,-122.42917
new_equioc,26-05-2008,21:20:57,37.79746,-122.43275
new_equioc,26-05-2008,21:22:01,37.79787,-122.43566
new_equioc,26-05-2008,21:22:57,37.79955,-122.43607
new_equioc,26-05-2008,21:24:17,37.80069,-122.4374
new_equioc,26-05-2008,21:24:30,37.80046,-122.43853
new_equioc,26-05-2008,21:24:56,37.80043,-122.43937
new_equioc,26-05-2008,21:24:59,37.80043,-122.43937
new_equioc,26-05-2008,21:25:57,37.79973,-122.43944
new_equioc,26-05-2008,21:26:57,37.79743,-122.43896
new_equioc,26-05-2008,21:28:02,37.79362,-122.43816
new_equioc,26-05-2008,21:28:57,37.7926,-122.43463
new_equioc,26-05-2008,21:29:58,37.78995,-122.4341
new_equioc,26-05-2008,21:30:33,37.78864,-122.43379
new_equioc,26-05-2008,21:30:35,37.78864,-122.43379
new_equioc,26-05-2008,21:31:39,37.7868,-122.43347
new_equioc,26-05-2008,21:32:39,37.78524,-122.43316
new_equioc,26-05-2008,21:33:35,37.78554,-122.42997
new_equioc,26-05-2008,21:34:35,37.78635,-122.42361
new_equioc,26-05-2008,21:35:35,37.78675,-122.42195
new_equioc,26-05-2008,21:36:35,37.78705,-122.41804
new_equioc,26-05-2008,21:37:23,37.78754,-122.41437
new_equioc,26-05-2008,21:38:20,37.78807,-122.40981
new_equioc,26-05-2008,21:39:27,37.7877,-122.40835
new_equioc,26-05-2008,21:40:25,37.78719,-122.40947
new_equioc,26-05-2008,21:40:53,37.78699,-122.41091
new_equioc,26-05-2008,21:41:10,37.78725,-122.41164
new_equioc,26-05-2008,21:41:14,37.78772,-122.41173
new_equioc,26-05-2008,21:42:18,37.79248,-122.41263
new_equioc,26-05-2008,21:43:16,37.79495,-122.41304
new_equioc,26-05-2008,21:44:25,37.79758,-122.41356
new_equioc,26-05-2008,21:45:15,37.79914,-122.41247
new_equioc,26-05-2008,21:46:03,37.79948,-122.40947
new_equioc,26-05-2008,21:47:03,37.79945,-122.40942
new_equioc,26-05-2008,21:48:04,37.79949,-122.40922
new_equioc,26-05-2008,21:48:51,37.79951,-122.40919
new_equioc,26-05-2008,21:49:51,37.79849,-122.40989
new_equioc,26-05-2008,21:50:26,37.79921,-122.41057
new_equioc,26-05-2008,21:50:30,37.79921,-122.41056
new_equioc,26-05-2008,21:50:47,37.79929,-122.4111
new_equioc,26-05-2008,21:50:48,37.79926,-122.41134
new_equioc,26-05-2008,21:51:55,37.79638,-122.41178
new_equioc,26-05-2008,21:52:49,37.79574,-122.41638
new_equioc,26-05-2008,21:53:50,37.79531,-122.41966
new_equioc,26-05-2008,21:54:53,37.79502,-122.42184
new_equioc,26-05-2008,21:55:06,37.79501,-122.42196
new_equioc,26-05-2008,21:56:06,37.79586,-122.42266
new_equioc,26-05-2008,21:57:06,37.79726,-122.42203
new_equioc,26-05-2008,21:58:11,37.79878,-122.4219
new_equioc,26-05-2008,21:59:12,37.79948,-122.41731
new_equioc,26-05-2008,22:00:12,37.80015,-122.41299
new_equioc,26-05-2008,22:01:06,37.80064,-122.41062
new_equioc,26-05-2008,22:02:07,37.80346,-122.41151
new_equioc,26-05-2008,22:03:07,37.8057,-122.41192
new_equioc,26-05-2008,22:04:12,37.80696,-122.41085
new_equioc,26-05-2008,22:05:07,37.80833,-122.40947
new_equioc,26-05-2008,22:06:07,37.80839,-122.40982
new_equioc,26-05-2008,22:07:09,37.8084,-122.40982
new_equioc,26-05-2008,22:08:08,37.8084,-122.40981
new_equioc,26-05-2008,22:09:08,37.80839,-122.40981
new_equioc,26-05-2008,22:10:15,37.80839,-122.41003
new_equioc,26-05-2008,22:11:12,37.8084,-122.41004
new_equioc,26-05-2008,22:11:30,37.8084,-122.41004
new_equioc,26-05-2008,22:11:50,37.80841,-122.41021
new_equioc,26-05-2008,22:11:56,37.80841,-122.41031
new_equioc,26-05-2008,22:11:58,37.80845,-122.41059
new_equioc,26-05-2008,22:12:58,37.80827,-122.41054
new_equioc,26-05-2008,22:13:58,37.80823,-122.41006
new_equioc,26-05-2008,22:15:13,37.80813,-122.40937
new_equioc,26-05-2008,22:15:59,37.80755,-122.40771
new_equioc,26-05-2008,22:17:00,37.80685,-122.40633
new_equioc,26-05-2008,22:18:15,37.80533,-122.40381
new_equioc,26-05-2008,22:19:02,37.80411,-122.40219
new_equioc,26-05-2008,22:20:02,37.79744,-122.40079
new_equioc,26-05-2008,22:21:24,37.79323,-122.39987
new_equioc,26-05-2008,22:22:08,37.79231,-122.40187
new_equioc,26-05-2008,22:23:03,37.79102,-122.40233
new_equioc,26-05-2008,22:24:03,37.79032,-122.40562
new_equioc,26-05-2008,22:24:16,37.79032,-122.40561
new_equioc,26-05-2008,22:25:10,37.79094,-122.40374
new_equioc,26-05-2008,22:25:27,37.79105,-122.40209
new_equioc,26-05-2008,22:25:44,37.79102,-122.40154
new_equioc,26-05-2008,22:25:47,37.79103,-122.40135
new_equioc,26-05-2008,22:26:45,37.7935,-122.40154
new_equioc,26-05-2008,22:27:45,37.79557,-122.40161
new_equioc,26-05-2008,22:28:52,37.79823,-122.4022
new_equioc,26-05-2008,22:29:46,37.79796,-122.40642
new_equioc,26-05-2008,22:31:53,37.79579,-122.4236
new_equioc,26-05-2008,22:32:54,37.79784,-122.42556
new_equioc,26-05-2008,22:33:59,37.80068,-122.43016
new_equioc,26-05-2008,22:34:55,37.80057,-122.43623
new_equioc,26-05-2008,22:35:16,37.80061,-122.43632
new_equioc,26-05-2008,22:35:36,37.80071,-122.43719
new_equioc,26-05-2008,22:36:31,37.80055,-122.4385
new_equioc,26-05-2008,22:38:31,37.79948,-122.43862
new_equioc,26-05-2008,22:39:33,37.7989,-122.4359
new_equioc,26-05-2008,22:40:32,37.79734,-122.43557
new_equioc,26-05-2008,22:41:26,37.79718,-122.43478
new_equioc,26-05-2008,22:41:30,37.79718,-122.43478
new_equioc,26-05-2008,22:42:24,37.79657,-122.43365
new_equioc,26-05-2008,22:42:55,37.79528,-122.43341
new_equioc,26-05-2008,22:43:34,37.79198,-122.43278
new_equioc,26-05-2008,22:44:30,37.78814,-122.43236
new_equioc,26-05-2008,22:45:35,37.78715,-122.44012
new_equioc,26-05-2008,22:46:26,37.7856,-122.44739
new_equioc,26-05-2008,22:47:32,37.77885,-122.44715
new_equioc,26-05-2008,22:48:26,37.77607,-122.44659
new_equioc,26-05-2008,22:49:32,37.77282,-122.44751
new_equioc,26-05-2008,22:50:40,37.77063,-122.45547
new_equioc,26-05-2008,22:51:47,37.76619,-122.46116
new_equioc,26-05-2008,22:52:31,37.76604,-122.46401
new_equioc,26-05-2008,22:53:37,37.7635,-122.46308
new_equioc,26-05-2008,22:54:26,37.75942,-122.4633
new_equioc,26-05-2008,22:56:02,37.75729,-122.46178
new_equioc,26-05-2008,22:56:30,37.75706,-122.46165
new_equioc,26-05-2008,22:57:13,37.75858,-122.4635
new_equioc,26-05-2008,22:58:06,37.75841,-122.46723
new_equioc,26-05-2008,22:59:09,37.75885,-122.47145
new_equioc,26-05-2008,23:01:17,37.75808,-122.47491
new_equioc,26-05-2008,23:02:15,37.75638,-122.47662
new_equioc,26-05-2008,23:06:08,37.73437,-122.4752
new_equioc,26-05-2008,23:08:25,37.72101,-122.47541
new_equioc,26-05-2008,23:12:25,37.70309,-122.47355
