date,time,id,line,longitude,latitude,speed
10-03-2014,00:00:10,C30011,0,-43.348236,-22.951017,0.0
10-03-2014,00:01:10,C30011,0,-43.348236,-22.951017,0.0
10-03-2014,00:02:10,C30011,0,-43.348236,-22.951017,0.0
10-03-2014,00:03:10,C30011,0,-43.348236,-22.951017,0.0
10-03-2014,00:04:10,C30011,0,-43.348236,-22.951017,0.0
10-03-2014,00:05:10,C30011,0,-43.347847,-22.951847,0.0
10-03-2014,00:06:10,C30011,0,-43.347847,-22.951847,0.0
10-03-2014,00:06:30,C30011,0,-43.348007,-22.952141,0.0
10-03-2014,00:08:00,C30011,0,-43.348396,-22.951275,0.0
10-03-2014,00:09:00,C30011,0,-43.348396,-22.951275,0.0
10-03-2014,00:10:00,C30011,0,-43.348396,-22.951275,0.0
10-03-2014,00:11:00,C30011,0,-43.348396,-22.951275,0.0
10-03-2014,00:12:00,C30011,0,-43.348396,-22.951275,0.0
10-03-2014,00:13:00,C30011,0,-43.348396,-22.951275,0.0
10-03-2014,00:14:00,C30011,0,-43.348396,-22.951275,0.0
10-03-2014,00:15:00,C30011,0,-43.348396,-22.951275,0.0
10-03-2014,00:16:00,C30011,0,-43.348396,-22.951275,0.0
10-03-2014,00:17:00,C30011,0,-43.348396,-22.951275,0.0
10-03-2014,00:18:00,C30011,0,-43.348396,-22.951275,0.0
10-03-2014,00:19:00,C30011,0,-43.348396,-22.951275,0.0
10-03-2014,00:20:00,C30011,0,-43.348396,-22.951275,0.0
10-03-2014,00:21:00,C30011,0,-43.348396,-22.951275,0.0
10-03-2014,00:22:00,C30011,0,-43.348396,-22.951275,0.0
10-03-2014,00:23:00,C30011,0,-43.348396,-22.951275,0.0
10-03-2014,00:24:00,C30011,0,-43.348396,-22.951275,0.0
10-03-2014,00:25:00,C30011,0,-43.34832,-22.951254,0.0
10-03-2014,00:26:00,C30011,0,-43.34832,-22.951254,0.0
10-03-2014,00:27:00,C30011,0,-43.34832,-22.951254,0.0
10-03-2014,00:28:00,C30011,0,-43.34832,-22.951254,0.0
10-03-2014,00:29:00,C30011,0,-43.34832,-22.951254,0.0
10-03-2014,00:30:00,C30011,0,-43.34832,-22.951254,0.0
10-03-2014,00:30:59,C30011,0,-43.34832,-22.951254,0.0
10-03-2014,00:31:59,C30011,0,-43.34832,-22.951254,0.0
10-03-2014,00:32:59,C30011,0,-43.34832,-22.951254,0.0
10-03-2014,00:33:59,C30011,0,-43.34832,-22.951254,0.0
10-03-2014,00:34:59,C30011,0,-43.34832,-22.951254,0.0
10-03-2014,00:35:59,C30011,0,-43.34832,-22.951254,0.0
10-03-2014,00:36:29,C30011,0,-43.34832,-22.951254,0.0
10-03-2014,00:37:59,C30011,0,-43.34832,-22.951254,0.0
10-03-2014,00:38:59,C30011,0,-43.34832,-22.951254,0.0
10-03-2014,00:39:59,C30011,0,-43.34832,-22.951254,0.0
10-03-2014,00:41:09,C30011,0,-43.34832,-22.951254,0.0
10-03-2014,00:41:59,C30011,0,-43.34832,-22.951254,0.0
10-03-2014,00:43:09,C30011,0,-43.34832,-22.951254,0.0
10-03-2014,00:44:09,C30011,0,-43.34832,-22.951254,0.0
10-03-2014,00:45:09,C30011,0,-43.34832,-22.951254,0.0
10-03-2014,00:46:09,C30011,0,-43.34832,-22.951254,0.0
10-03-2014,00:47:09,C30011,0,-43.34832,-22.951254,0.0
10-03-2014,00:48:09,C30011,0,-43.34832,-22.951254,0.0
10-03-2014,00:49:09,C30011,0,-43.34832,-22.951254,0.0
10-03-2014,00:50:10,C30011,0,-43.34832,-22.951254,0.0
10-03-2014,00:51:10,C30011,0,-43.34832,-22.951254,0.0
10-03-2014,00:52:10,C30011,0,-43.34832,-22.951254,0.0
10-03-2014,00:53:10,C30011,0,-43.34832,-22.951254,0.0
10-03-2014,00:54:10,C30011,0,-43.34832,-22.951254,0.0
10-03-2014,00:55:10,C30011,0,-43.34832,-22.951254,0.0
10-03-2014,00:56:10,C30011,0,-43.34832,-22.951254,0.0
10-03-2014,00:57:10,C30011,0,-43.34832,-22.951254,0.0
10-03-2014,00:58:10,C30011,0,-43.34832,-22.951254,0.0
10-03-2014,00:59:10,C30011,0,-43.34832,-22.951254,0.0
10-03-2014,01:00:00,C30011,0,-43.34832,-22.951254,0.0
10-03-2014,01:01:10,C30011,0,-43.34832,-22.951254,0.0
10-03-2014,01:02:10,C30011,0,-43.34832,-22.951254,0.0
10-03-2014,01:03:10,C30011,0,-43.34832,-22.951254,0.0
10-03-2014,01:04:10,C30011,0,-43.34832,-22.951254,0.0
10-03-2014,01:05:10,C30011,0,-43.34832,-22.951254,0.0
10-03-2014,01:07:10,C30011,0,-43.34832,-22.951254,0.0
10-03-2014,01:08:10,C30011,0,-43.34832,-22.951254,0.0
10-03-2014,01:09:09,C30011,0,-43.34832,-22.951254,0.0
10-03-2014,01:10:09,C30011,0,-43.34832,-22.951254,0.0
10-03-2014,01:11:09,C30011,0,-43.34832,-22.951254,0.0
10-03-2014,01:12:09,C30011,0,-43.34832,-22.951254,0.0
10-03-2014,01:13:09,C30011,0,-43.34832,-22.951254,0.0
10-03-2014,01:14:09,C30011,0,-43.34832,-22.951254,0.0
10-03-2014,01:15:09,C30011,0,-43.34832,-22.951254,0.0
10-03-2014,01:16:08,C30011,0,-43.34832,-22.951254,0.0
10-03-2014,01:17:09,C30011,0,-43.34832,-22.951254,0.0
10-03-2014,01:18:09,C30011,0,-43.34832,-22.951254,0.0
10-03-2014,01:19:09,C30011,0,-43.34832,-22.951254,0.0
10-03-2014,01:20:10,C30011,0,-43.34832,-22.951254,0.0
10-03-2014,01:21:10,C30011,0,-43.34832,-22.951254,0.0
10-03-2014,01:24:10,C30011,0,-43.34832,-22.951254,0.0
10-03-2014,01:25:10,C30011,0,-43.34832,-22.951254,0.0
10-03-2014,01:26:10,C30011,0,-43.34832,-22.951254,0.0
10-03-2014,01:27:10,C30011,0,-43.34832,-22.951254,0.0
10-03-2014,01:28:10,C30011,0,-43.34832,-22.951254,0.0
10-03-2014,01:29:10,C30011,0,-43.34832,-22.951254,0.0
10-03-2014,01:30:10,C30011,0,-43.34832,-22.951254,0.0
10-03-2014,01:31:10,C30011,0,-43.34832,-22.951254,0.0
10-03-2014,01:32:10,C30011,0,-43.34832,-22.951254,0.0
10-03-2014,01:33:10,C30011,0,-43.34832,-22.951254,0.0
10-03-2014,01:34:10,C30011,0,-43.34832,-22.951254,0.0
10-03-2014,01:35:10,C30011,0,-43.34832,-22.951254,0.0
10-03-2014,01:36:10,C30011,0,-43.34832,-22.951254,0.0
10-03-2014,01:37:10,C30011,0,-43.34832,-22.951254,0.0
10-03-2014,01:38:10,C30011,0,-43.34832,-22.951254,0.0
10-03-2014,01:39:10,C30011,0,-43.34832,-22.951254,0.0
10-03-2014,01:40:10,C30011,0,-43.34832,-22.951254,0.0
10-03-2014,01:41:09,C30011,0,-43.34832,-22.951254,0.0
10-03-2014,01:42:10,C30011,0,-43.34832,-22.951254,0.0
10-03-2014,01:43:10,C30011,0,-43.34832,-22.951254,0.0
10-03-2014,01:44:10,C30011,0,-43.34832,-22.951254,0.0
10-03-2014,01:45:10,C30011,0,-43.34832,-22.951254,0.0
10-03-2014,01:46:10,C30011,0,-43.34832,-22.951254,0.0
10-03-2014,01:47:10,C30011,0,-43.34832,-22.951254,0.0
10-03-2014,01:48:10,C30011,0,-43.34832,-22.951254,0.0
10-03-2014,01:49:10,C30011,0,-43.34832,-22.951254,0.0
10-03-2014,01:50:10,C30011,0,-43.34832,-22.951254,0.0
10-03-2014,01:51:10,C30011,0,-43.34832,-22.951254,0.0
10-03-2014,01:52:10,C30011,0,-43.34832,-22.951254,0.0
10-03-2014,01:53:10,C30011,0,-43.34832,-22.951254,0.0
10-03-2014,01:54:10,C30011,0,-43.34832,-22.951254,0.0
10-03-2014,01:55:10,C30011,0,-43.34832,-22.951254,0.0
10-03-2014,01:56:09,C30011,0,-43.34832,-22.951254,0.0
10-03-2014,01:57:10,C30011,0,-43.34832,-22.951254,0.0
10-03-2014,01:58:10,C30011,0,-43.34832,-22.951254,0.0
10-03-2014,01:59:10,C30011,0,-43.34832,-22.951254,0.0
10-03-2014,02:00:10,C30011,0,-43.34832,-22.951254,0.0
10-03-2014,02:01:09,C30011,0,-43.34832,-22.951254,0.0
10-03-2014,02:02:09,C30011,0,-43.34832,-22.951254,0.0
10-03-2014,02:03:09,C30011,0,-43.34832,-22.951254,0.0
10-03-2014,02:04:09,C30011,0,-43.34832,-22.951254,0.0
10-03-2014,02:05:09,C30011,0,-43.34832,-22.951254,0.0
10-03-2014,02:06:09,C30011,0,-43.34832,-22.951254,0.0
10-03-2014,02:08:10,C30011,0,-43.34832,-22.951254,0.0
10-03-2014,02:09:10,C30011,0,-43.34832,-22.951254,0.0
10-03-2014,02:10:09,C30011,0,-43.34832,-22.951254,0.0
10-03-2014,02:11:09,C30011,0,-43.34832,-22.951254,0.0
10-03-2014,02:12:09,C30011,0,-43.34832,-22.951254,0.0
10-03-2014,02:13:09,C30011,0,-43.34832,-22.951254,0.0
10-03-2014,02:14:09,C30011,0,-43.34832,-22.951254,0.0
10-03-2014,02:15:10,C30011,0,-43.34832,-22.951254,0.0
10-03-2014,02:16:09,C30011,0,-43.34832,-22.951254,0.0
10-03-2014,02:17:09,C30011,0,-43.34832,-22.951254,0.0
10-03-2014,02:18:09,C30011,0,-43.34832,-22.951254,0.0
10-03-2014,02:19:09,C30011,0,-43.34832,-22.951254,0.0
10-03-2014,02:19:39,C30011,0,-43.34832,-22.951254,0.0
10-03-2014,02:21:09,C30011,0,-43.34832,-22.951254,0.0
10-03-2014,02:22:59,C30011,0,-43.34832,-22.951254,0.0
10-03-2014,02:25:09,C30011,0,-43.34832,-22.951254,0.0
10-03-2014,02:26:09,C30011,0,-43.34832,-22.951254,0.0
10-03-2014,02:27:09,C30011,0,-43.34832,-22.951254,0.0
10-03-2014,02:28:09,C30011,0,-43.34832,-22.951254,0.0
10-03-2014,02:29:09,C30011,0,-43.34832,-22.951254,0.0
10-03-2014,02:30:09,C30011,0,-43.34832,-22.951254,0.0
10-03-2014,02:31:09,C30011,0,-43.34832,-22.951254,0.0
10-03-2014,02:32:09,C30011,0,-43.34832,-22.951254,0.0
10-03-2014,02:33:09,C30011,0,-43.34832,-22.951254,0.0
10-03-2014,02:34:09,C30011,0,-43.34832,-22.951254,0.0
10-03-2014,02:35:09,C30011,0,-43.34832,-22.951254,0.0
10-03-2014,02:36:09,C30011,0,-43.34832,-22.951254,0.0
10-03-2014,02:37:09,C30011,0,-43.34832,-22.951254,0.0
10-03-2014,02:38:09,C30011,0,-43.34832,-22.951254,0.0
10-03-2014,02:39:09,C30011,0,-43.34832,-22.951254,0.0
10-03-2014,02:40:09,C30011,0,-43.34832,-22.951254,0.0
10-03-2014,02:41:09,C30011,0,-43.34832,-22.951254,0.0
10-03-2014,02:42:09,C30011,0,-43.34832,-22.951254,0.0
10-03-2014,02:43:09,C30011,0,-43.34832,-22.951254,0.0
10-03-2014,02:44:09,C30011,0,-43.34832,-22.951254,0.0
10-03-2014,02:45:09,C30011,0,-43.34832,-22.951254,0.0
10-03-2014,02:46:09,C30011,0,-43.34832,-22.951254,0.0
10-03-2014,02:47:09,C30011,0,-43.34832,-22.951254,0.0
10-03-2014,02:48:09,C30011,0,-43.34832,-22.951254,0.0
10-03-2014,02:49:09,C30011,0,-43.34832,-22.951254,0.0
10-03-2014,02:50:09,C30011,0,-43.34832,-22.951254,0.0
10-03-2014,02:51:09,C30011,0,-43.34832,-22.951254,0.0
10-03-2014,02:52:09,C30011,0,-43.34832,-22.951254,0.0
10-03-2014,02:53:09,C30011,0,-43.34832,-22.951254,0.0
10-03-2014,02:54:09,C30011,0,-43.34832,-22.951254,0.0
10-03-2014,02:55:09,C30011,0,-43.34832,-22.951254,0.0
10-03-2014,02:56:09,C30011,0,-43.34832,-22.951254,0.0
10-03-2014,02:57:09,C30011,0,-43.34832,-22.951254,0.0
10-03-2014,02:58:09,C30011,0,-43.34832,-22.951254,0.0
10-03-2014,03:00:09,C30011,0,-43.34832,-22.951254,0.0
10-03-2014,03:01:09,C30011,0,-43.34832,-22.951254,0.0
10-03-2014,03:02:09,C30011,0,-43.34832,-22.951254,0.0
10-03-2014,03:03:09,C30011,0,-43.34832,-22.951254,0.0
10-03-2014,03:04:09,C30011,0,-43.34832,-22.951254,0.0
10-03-2014,03:05:09,C30011,0,-43.34832,-22.951254,0.0
10-03-2014,03:06:09,C30011,0,-43.34832,-22.951254,0.0
10-03-2014,03:07:09,C30011,0,-43.34832,-22.951254,0.0
10-03-2014,03:09:09,C30011,0,-43.34832,-22.951254,0.0
10-03-2014,03:10:09,C30011,0,-43.34832,-22.951254,0.0
10-03-2014,03:11:09,C30011,0,-43.34832,-22.951254,0.0
10-03-2014,03:12:09,C30011,0,-43.34832,-22.951254,0.0
10-03-2014,03:13:09,C30011,0,-43.34832,-22.951254,0.0
10-03-2014,03:15:09,C30011,0,-43.34832,-22.951254,0.0
10-03-2014,03:16:09,C30011,0,-43.34832,-22.951254,0.0
10-03-2014,03:17:09,C30011,0,-43.34832,-22.951254,0.0
10-03-2014,03:18:09,C30011,0,-43.34832,-22.951254,0.0
10-03-2014,03:19:09,C30011,0,-43.34832,-22.951254,0.0
10-03-2014,03:20:09,C30011,0,-43.34832,-22.951254,0.0
10-03-2014,03:21:09,C30011,0,-43.34832,-22.951254,0.0
10-03-2014,03:22:09,C30011,0,-43.34832,-22.951254,0.0
10-03-2014,03:23:09,C30011,0,-43.34832,-22.951254,0.0
10-03-2014,03:24:10,C30011,0,-43.34832,-22.951254,0.0
10-03-2014,03:26:10,C30011,0,-43.34832,-22.951254,0.0
10-03-2014,03:27:10,C30011,0,-43.34832,-22.951254,0.0
10-03-2014,03:28:10,C30011,0,-43.34832,-22.951254,0.0
10-03-2014,03:29:10,C30011,0,-43.34832,-22.951254,0.0
10-03-2014,03:30:09,C30011,0,-43.34832,-22.951254,0.0
10-03-2014,03:30:40,C30011,0,-43.34832,-22.951254,0.0
10-03-2014,03:33:09,C30011,0,-43.34832,-22.951254,0.0
10-03-2014,03:34:09,C30011,0,-43.34832,-22.951254,0.0
10-03-2014,03:35:10,C30011,0,-43.34832,-22.951254,0.0
10-03-2014,03:36:09,C30011,0,-43.348415,-22.950756,9.0
10-03-2014,03:37:12,C30011,0,-43.348454,-22.950783,0.0
10-03-2014,03:38:12,C30011,0,-43.348454,-22.950783,0.0
10-03-2014,03:39:12,C30011,0,-43.348454,-22.950783,0.0
10-03-2014,03:40:12,C30011,0,-43.348454,-22.950783,0.0
10-03-2014,03:41:12,C30011,0,-43.348454,-22.950783,0.0
10-03-2014,03:42:11,C30011,0,-43.348454,-22.950783,0.0
10-03-2014,03:44:11,C30011,0,-43.348454,-22.950783,0.0
10-03-2014,03:45:11,C30011,0,-43.348454,-22.950783,0.0
10-03-2014,03:46:11,C30011,0,-43.348454,-22.950783,0.0
10-03-2014,03:47:11,C30011,0,-43.34832,-22.949223,34.0
10-03-2014,03:48:12,C30011,0,-43.345997,-22.943808,38.0
10-03-2014,03:49:12,C30011,0,-43.34428,-22.939091,43.0
10-03-2014,03:50:12,C30011,0,-43.350792,-22.93714,51.0
10-03-2014,03:52:42,C30011,0,-43.360287,-22.924875,53.0
10-03-2014,03:54:12,C30011,0,-43.361599,-22.916525,18.0
10-03-2014,03:56:12,C30011,0,-43.361416,-22.915918,0.0
10-03-2014,03:58:12,C30011,0,-43.361416,-22.915918,0.0
10-03-2014,03:59:12,C30011,0,-43.361416,-22.915918,0.0
10-03-2014,03:59:42,C30011,0,-43.361416,-22.915918,0.0
10-03-2014,04:01:12,C30011,0,-43.361416,-22.915918,0.0
10-03-2014,04:02:12,C30011,0,-43.360989,-22.914726,14.0
10-03-2014,04:03:12,C30011,0,-43.361183,-22.9177,13.0
10-03-2014,04:03:42,C30011,0,-43.360313,-22.920542,47.0
10-03-2014,04:05:12,C30011,0,-43.359768,-22.927429,29.0
10-03-2014,04:06:12,C30011,0,-43.354771,-22.928797,42.0
10-03-2014,04:07:12,C30011,0,-43.352406,-22.935585,37.0
10-03-2014,04:08:02,C30011,0,-43.351212,-22.936874,47.0
10-03-2014,04:08:42,C30011,0,-43.3493,-22.938667,0.0
10-03-2014,04:10:12,C30011,0,-43.343697,-22.940435,19.0
10-03-2014,04:11:12,C30011,0,-43.346466,-22.944958,51.0
10-03-2014,04:13:12,C30011,0,-43.352745,-22.952669,47.0
10-03-2014,04:14:12,C30011,0,-43.355946,-22.953432,35.0
10-03-2014,04:15:12,C30011,0,-43.357082,-22.957483,32.0
10-03-2014,04:17:13,C30011,0,-43.357361,-22.963659,0.0
10-03-2014,04:18:12,C30011,0,-43.357273,-22.96537,46.0
10-03-2014,04:19:12,C30011,0,-43.362919,-22.972614,69.0
10-03-2014,04:20:12,C30011,0,-43.366009,-22.980782,66.0
10-03-2014,04:21:12,C30011,0,-43.366146,-22.990391,70.0
10-03-2014,04:23:12,C30011,0,-43.364643,-23.001999,40.0
10-03-2014,04:25:12,C30011,0,-43.365364,-23.001226,0.0
10-03-2014,04:26:12,C30011,0,-43.365364,-23.001226,0.0
10-03-2014,04:27:12,C30011,0,-43.365364,-23.001226,0.0
10-03-2014,04:28:12,C30011,0,-43.366352,-23.001213,0.0
10-03-2014,04:29:13,C30011,0,-43.367985,-23.001488,10.0
10-03-2014,04:30:12,C30011,0,-43.362877,-22.999819,47.0
10-03-2014,04:31:12,C30011,0,-43.365501,-22.992247,60.0
10-03-2014,04:31:42,C30011,0,-43.365414,-22.98772,65.0
10-03-2014,04:33:12,C30011,0,-43.364681,-22.978092,63.0
10-03-2014,04:35:12,C30011,0,-43.356945,-22.964251,56.0
10-03-2014,04:36:13,C30011,0,-43.357159,-22.961361,22.0
10-03-2014,04:36:43,C30011,0,-43.357273,-22.959276,41.0
10-03-2014,04:38:13,C30011,0,-43.354584,-22.952925,30.0
10-03-2014,04:39:13,C30011,0,-43.351757,-22.952642,46.0
10-03-2014,04:40:12,C30011,0,-43.349537,-22.951601,0.0
10-03-2014,04:42:13,C30011,0,-43.346222,-22.944393,11.0
10-03-2014,04:42:43,C30011,0,-43.344254,-22.941341,49.0
10-03-2014,04:43:43,C30011,0,-43.346756,-22.938524,52.0
10-03-2014,04:45:13,C30011,0,-43.351768,-22.936222,15.0
10-03-2014,04:46:13,C30011,0,-43.353443,-22.930941,51.0
10-03-2014,04:47:12,C30011,0,-43.355942,-22.926756,44.0
10-03-2014,04:49:12,C30011,0,-43.360683,-22.922405,8.0
10-03-2014,04:50:12,C30011,0,-43.360859,-22.918379,50.0
10-03-2014,04:51:12,C30011,0,-43.361023,-22.915335,7.0
10-03-2014,04:52:12,C30011,0,-43.361374,-22.915819,0.0
10-03-2014,04:53:13,C30011,0,-43.361374,-22.915819,0.0
10-03-2014,04:54:13,C30011,0,-43.361374,-22.915819,0.0
10-03-2014,04:55:13,C30011,0,-43.361374,-22.915819,0.0
10-03-2014,04:56:13,C30011,0,-43.361404,-22.916025,6.0
10-03-2014,04:56:43,C30011,0,-43.361404,-22.916025,0.0
10-03-2014,04:58:13,C30011,0,-43.361404,-22.916025,0.0
10-03-2014,04:59:13,C30011,0,-43.361404,-22.916025,0.0
10-03-2014,05:00:13,C30011,0,-43.361404,-22.916025,0.0
10-03-2014,05:01:13,C30011,0,-43.361404,-22.916025,0.0
10-03-2014,05:02:13,C30011,0,-43.361404,-22.916025,0.0
10-03-2014,05:03:13,C30011,0,-43.361404,-22.916025,0.0
10-03-2014,05:04:03,C30011,0,-43.361408,-22.916136,5.0
10-03-2014,05:05:13,C30011,0,-43.360695,-22.914883,0.0
10-03-2014,05:06:13,C30011,0,-43.360695,-22.914883,0.0
10-03-2014,05:07:13,C30011,0,-43.362186,-22.916445,0.0
10-03-2014,05:08:13,C30011,0,-43.362186,-22.916445,0.0
10-03-2014,05:09:13,C30011,0,-43.361248,-22.917557,0.0
10-03-2014,05:11:13,C30011,0,-43.35957,-22.924984,17.0
10-03-2014,05:12:13,C30011,0,-43.358452,-22.927864,14.0
10-03-2014,05:13:13,C30011,0,-43.354015,-22.929146,35.0
10-03-2014,05:14:13,C30011,0,-43.353027,-22.932421,2.0
10-03-2014,05:16:13,C30011,0,-43.35033,-22.937651,31.0
10-03-2014,05:18:13,C30011,0,-43.343967,-22.940741,27.0
10-03-2014,05:20:13,C30011,0,-43.348473,-22.949602,41.0
10-03-2014,05:21:13,C30011,0,-43.35022,-22.951756,16.0
10-03-2014,05:22:23,C30011,0,-43.355091,-22.953144,0.0
10-03-2014,05:24:13,C30011,0,-43.357616,-22.959785,60.0
10-03-2014,05:25:13,C30011,0,-43.357342,-22.963566,0.0
10-03-2014,05:27:13,C30011,0,-43.364017,-22.974186,67.0
10-03-2014,05:28:13,C30011,0,-43.366066,-22.983412,55.0
10-03-2014,05:29:13,C30011,0,-43.366123,-22.989176,70.0
10-03-2014,05:30:13,C30011,0,-43.366188,-22.995295,64.0
10-03-2014,05:31:13,C30011,0,-43.367229,-23.002254,43.0
10-03-2014,05:32:13,C30011,0,-43.364517,-23.001326,8.0
10-03-2014,05:32:43,C30011,0,-43.36541,-23.001268,0.0
10-03-2014,05:35:13,C30011,0,-43.36541,-23.001268,0.0
10-03-2014,05:36:13,C30011,0,-43.365833,-23.001331,10.0
10-03-2014,05:37:13,C30011,0,-43.366192,-23.001032,0.0
10-03-2014,05:38:13,C30011,0,-43.366192,-23.001032,0.0
10-03-2014,05:39:13,C30011,0,-43.366917,-23.001339,26.0
10-03-2014,05:40:07,C30011,0,-43.364693,-23.00205,67.0
10-03-2014,05:41:07,C30011,0,-43.365559,-22.994287,57.0
10-03-2014,05:42:07,C30011,0,-43.365372,-22.985884,60.0
10-03-2014,05:43:08,C30011,0,-43.365307,-22.979567,72.0
10-03-2014,05:44:08,C30011,0,-43.360184,-22.970499,65.0
10-03-2014,05:45:08,C30011,0,-43.356991,-22.962429,18.0
10-03-2014,05:46:08,C30011,0,-43.356628,-22.95771,40.0
10-03-2014,05:47:08,C30011,0,-43.354778,-22.953964,0.0
10-03-2014,05:48:08,C30011,0,-43.352032,-22.952662,21.0
10-03-2014,05:49:08,C30011,0,-43.349686,-22.951653,0.0
10-03-2014,05:50:08,C30011,0,-43.349556,-22.951588,0.0
10-03-2014,05:51:08,C30011,0,-43.348484,-22.949896,11.0
10-03-2014,05:52:08,C30011,0,-43.347881,-22.947697,52.0
10-03-2014,05:53:08,C30011,0,-43.344715,-22.941824,3.0
10-03-2014,05:54:08,C30011,0,-43.348228,-22.938421,54.0
10-03-2014,05:55:08,C30011,0,-43.351528,-22.936474,0.0
10-03-2014,05:56:08,C30011,0,-43.352551,-22.933441,7.0
10-03-2014,05:57:08,C30011,0,-43.353859,-22.929173,35.0
10-03-2014,05:58:08,C30011,0,-43.353931,-22.92906,0.0
10-03-2014,05:59:08,C30011,0,-43.355598,-22.927889,36.0
10-03-2014,06:00:18,C30011,0,-43.361225,-22.924513,19.0
10-03-2014,06:01:18,C30011,0,-43.360752,-22.922401,0.0
10-03-2014,06:02:18,C30011,0,-43.360668,-22.918764,41.0
10-03-2014,06:03:18,C30011,0,-43.360813,-22.915874,22.0
10-03-2014,06:04:18,C30011,0,-43.360764,-22.91526,0.0
10-03-2014,06:05:18,C30011,0,-43.360771,-22.915245,0.0
10-03-2014,06:06:18,C30011,0,-43.361435,-22.915976,0.0
10-03-2014,06:07:18,C30011,0,-43.361435,-22.915976,0.0
10-03-2014,06:08:18,C30011,0,-43.361435,-22.915976,0.0
10-03-2014,06:09:18,C30011,0,-43.361435,-22.915976,0.0
10-03-2014,06:10:18,C30011,0,-43.361435,-22.915976,0.0
10-03-2014,06:11:18,C30011,0,-43.36068,-22.915014,0.0
10-03-2014,06:12:18,C30011,0,-43.360676,-22.914808,12.0
10-03-2014,06:13:18,C30011,0,-43.361687,-22.915545,0.0
10-03-2014,06:14:18,C30011,0,-43.361774,-22.915648,0.0
10-03-2014,06:16:18,C30011,0,-43.362091,-22.916105,9.0
10-03-2014,06:17:18,C30011,0,-43.361519,-22.916983,5.0
10-03-2014,06:18:48,C30011,0,-43.360256,-22.92021,37.0
10-03-2014,06:19:48,C30011,0,-43.361534,-22.92384,0.0
10-03-2014,06:22:18,C30011,0,-43.359657,-22.927441,29.0
10-03-2014,06:23:19,C30011,0,-43.357361,-22.928194,16.0
10-03-2014,06:24:18,C30011,0,-43.356697,-22.928394,0.0
10-03-2014,06:25:09,C30011,0,-43.355095,-22.928764,10.0
10-03-2014,06:26:19,C30011,0,-43.353035,-22.932373,25.0
10-03-2014,06:27:19,C30011,0,-43.352543,-22.934547,0.0
10-03-2014,06:28:19,C30011,0,-43.352482,-22.935432,14.0
10-03-2014,06:29:19,C30011,0,-43.350765,-22.937265,0.0
10-03-2014,06:30:19,C30011,0,-43.348499,-22.938484,24.0
10-03-2014,06:31:19,C30011,0,-43.346851,-22.938589,10.0
10-03-2014,06:32:19,C30011,0,-43.34409,-22.939438,0.0
10-03-2014,06:32:49,C30011,0,-43.343777,-22.939804,23.0
10-03-2014,06:34:19,C30011,0,-43.345932,-22.943533,45.0
10-03-2014,06:35:19,C30011,0,-43.347969,-22.947771,29.0
10-03-2014,06:36:19,C30011,0,-43.348564,-22.94989,33.0
10-03-2014,06:37:19,C30011,0,-43.352432,-22.952684,43.0
10-03-2014,06:38:19,C30011,0,-43.355095,-22.953157,0.0
10-03-2014,06:39:19,C30011,0,-43.35733,-22.95385,14.0
10-03-2014,06:40:09,C30011,0,-43.356991,-22.957785,36.0
10-03-2014,06:41:09,C30011,0,-43.357262,-22.962528,21.0
10-03-2014,06:42:09,C30011,0,-43.357353,-22.963434,0.0
10-03-2014,06:43:09,C30011,0,-43.357361,-22.963615,0.0
10-03-2014,06:44:09,C30011,0,-43.357368,-22.966398,59.0
10-03-2014,06:45:09,C30011,0,-43.361759,-22.971273,51.0
10-03-2014,06:46:09,C30011,0,-43.365997,-22.979918,55.0
10-03-2014,06:47:09,C30011,0,-43.366108,-22.984858,33.0
10-03-2014,06:48:09,C30011,0,-43.366123,-22.987978,7.0
10-03-2014,06:48:39,C30011,0,-43.36618,-22.991253,58.0
10-03-2014,06:50:09,C30011,0,-43.366146,-22.995726,52.0
10-03-2014,06:51:09,C30011,0,-43.36784,-23.00176,21.0
10-03-2014,06:52:19,C30011,0,-43.36515,-23.001278,10.0
10-03-2014,06:53:18,C30011,0,-43.365208,-23.001282,0.0
10-03-2014,06:54:18,C30011,0,-43.365322,-23.00132,0.0
10-03-2014,06:56:18,C30011,0,-43.365322,-23.00132,0.0
10-03-2014,06:58:18,C30011,0,-43.365894,-23.002867,45.0
10-03-2014,06:59:18,C30011,0,-43.365074,-22.997602,67.0
10-03-2014,07:00:18,C30011,0,-43.365421,-22.989437,73.0
10-03-2014,07:00:48,C30011,0,-43.365292,-22.984804,40.0
10-03-2014,07:02:18,C30011,0,-43.365326,-22.980501,59.0
10-03-2014,07:03:18,C30011,0,-43.361378,-22.971828,63.0
10-03-2014,07:04:18,C30011,0,-43.356964,-22.963972,58.0
10-03-2014,07:05:18,C30011,0,-43.357037,-22.962221,0.0
10-03-2014,07:06:18,C30011,0,-43.357056,-22.962124,5.0
10-03-2014,07:07:18,C30011,0,-43.355621,-22.955931,66.0
10-03-2014,07:08:18,C30011,0,-43.354897,-22.953157,5.0
10-03-2014,07:09:18,C30011,0,-43.352318,-22.952696,33.0
10-03-2014,07:10:18,C30011,0,-43.348728,-22.950583,34.0
10-03-2014,07:11:18,C30011,0,-43.348125,-22.948736,12.0
10-03-2014,07:12:18,C30011,0,-43.346191,-22.944223,16.0
10-03-2014,07:13:18,C30011,0,-43.344574,-22.941776,15.0
10-03-2014,07:14:18,C30011,0,-43.34341,-22.940477,0.0
10-03-2014,07:15:18,C30011,0,-43.345089,-22.938662,29.0
10-03-2014,07:16:18,C30011,0,-43.347366,-22.938494,10.0
10-03-2014,07:18:18,C30011,0,-43.351311,-22.936661,26.0
10-03-2014,07:19:18,C30011,0,-43.35191,-22.936108,23.0
10-03-2014,07:21:18,C30011,0,-43.353531,-22.930265,39.0
10-03-2014,07:22:18,C30011,0,-43.353813,-22.929346,0.0
10-03-2014,07:25:18,C30011,0,-43.360966,-22.922832,37.0
10-03-2014,07:26:18,C30011,0,-43.360359,-22.919641,0.0
10-03-2014,07:27:18,C30011,0,-43.360897,-22.918335,13.0
10-03-2014,07:28:18,C30011,0,-43.36084,-22.915213,24.0
10-03-2014,07:33:18,C30011,0,-43.361477,-22.915968,0.0
10-03-2014,07:34:18,C30011,0,-43.361477,-22.915968,0.0
10-03-2014,07:35:18,C30011,0,-43.361477,-22.915968,0.0
10-03-2014,07:36:18,C30011,0,-43.360981,-22.916025,18.0
10-03-2014,07:37:18,C30011,0,-43.360687,-22.914875,0.0
10-03-2014,07:38:18,C30011,0,-43.360878,-22.914696,5.0
10-03-2014,07:39:18,C30011,0,-43.361565,-22.915382,0.0
10-03-2014,07:40:18,C30011,0,-43.361565,-22.915382,0.0
10-03-2014,07:41:18,C30011,0,-43.361725,-22.915701,0.0
10-03-2014,07:42:18,C30011,0,-43.361725,-22.915701,0.0
10-03-2014,07:43:18,C30011,0,-43.362057,-22.916071,0.0
10-03-2014,07:44:18,C30011,0,-43.362118,-22.916164,7.0
10-03-2014,07:45:18,C30011,0,-43.362236,-22.916492,0.0
10-03-2014,07:46:18,C30011,0,-43.362114,-22.91659,14.0
10-03-2014,07:47:18,C30011,0,-43.361294,-22.917551,0.0
10-03-2014,07:48:18,C30011,0,-43.361027,-22.918112,17.0
10-03-2014,07:49:18,C30011,0,-43.360775,-22.922182,63.0
10-03-2014,07:50:18,C30011,0,-43.361526,-22.924057,0.0
10-03-2014,07:51:18,C30011,0,-43.359776,-22.924932,0.0
10-03-2014,07:52:18,C30011,0,-43.359951,-22.926558,35.0
10-03-2014,07:53:18,C30011,0,-43.358482,-22.927826,13.0
10-03-2014,07:56:18,C30011,0,-43.356297,-22.928526,0.0
10-03-2014,07:57:18,C30011,0,-43.356178,-22.928556,0.0
10-03-2014,07:58:18,C30011,0,-43.355553,-22.928782,0.0
10-03-2014,08:00:08,C30011,0,-43.354126,-22.929098,5.0
10-03-2014,08:02:08,C30011,0,-43.353394,-22.931355,9.0
10-03-2014,08:03:08,C30011,0,-43.353172,-22.932081,11.0
10-03-2014,08:04:18,C30011,0,-43.352596,-22.933659,0.0
10-03-2014,08:05:18,C30011,0,-43.352539,-22.93395,10.0
10-03-2014,08:06:18,C30011,0,-43.352566,-22.93527,19.0
10-03-2014,08:14:18,C30011,0,-43.347744,-22.947281,53.0
10-03-2014,08:15:19,C30011,0,-43.349663,-22.951607,34.0
10-03-2014,08:16:09,C30011,0,-43.354221,-22.952715,8.0
10-03-2014,08:17:19,C30011,0,-43.357109,-22.953676,9.0
10-03-2014,08:17:49,C30011,0,-43.357521,-22.954477,23.0
10-03-2014,08:18:49,C30011,0,-43.357613,-22.959536,25.0
10-03-2014,08:19:48,C30011,0,-43.357342,-22.963343,0.0
10-03-2014,08:20:48,C30011,0,-43.358448,-22.968254,62.0
10-03-2014,08:23:18,C30011,0,-43.366058,-22.981539,29.0
10-03-2014,08:23:38,C30011,0,-43.366089,-22.982746,18.0
10-03-2014,08:25:18,C30011,0,-43.366211,-22.990738,70.0
10-03-2014,08:25:48,C30011,0,-43.366272,-22.992985,0.0
10-03-2014,08:27:18,C30011,0,-43.368885,-23.000757,28.0
10-03-2014,08:29:18,C30011,0,-43.364319,-23.001572,20.0
10-03-2014,08:30:18,C30011,0,-43.365219,-23.001314,0.0
10-03-2014,08:31:18,C30011,0,-43.365372,-23.001308,0.0
10-03-2014,08:31:48,C30011,0,-43.365372,-23.001308,0.0
10-03-2014,08:33:18,C30011,0,-43.365372,-23.001308,0.0
10-03-2014,08:33:48,C30011,0,-43.365372,-23.001308,0.0
10-03-2014,08:35:18,C30011,0,-43.365593,-23.001293,5.0
10-03-2014,08:36:18,C30011,0,-43.366146,-23.001268,0.0
10-03-2014,08:37:18,C30011,0,-43.367912,-23.001633,15.0
10-03-2014,08:37:48,C30011,0,-43.365952,-23.002871,21.0
10-03-2014,08:39:18,C30011,0,-43.365612,-22.994789,63.0
10-03-2014,08:40:18,C30011,0,-43.365479,-22.989592,62.0
10-03-2014,08:41:18,C30011,0,-43.365242,-22.984211,0.0
10-03-2014,08:42:18,C30011,0,-43.365242,-22.984211,0.0
10-03-2014,08:43:18,C30011,0,-43.365364,-22.980013,59.0
10-03-2014,08:44:18,C30011,0,-43.360691,-22.971001,62.0
10-03-2014,08:45:18,C30011,0,-43.356979,-22.963963,65.0
10-03-2014,08:46:18,C30011,0,-43.357025,-22.962326,0.0
10-03-2014,08:47:18,C30011,0,-43.357082,-22.958675,54.0
10-03-2014,08:48:18,C30011,0,-43.355228,-22.955532,41.0
10-03-2014,08:49:18,C30011,0,-43.351982,-22.952677,54.0
10-03-2014,08:50:18,C30011,0,-43.348511,-22.949848,6.0
10-03-2014,08:51:18,C30011,0,-43.348228,-22.948851,34.0
10-03-2014,08:52:18,C30011,0,-43.346329,-22.944731,0.0
10-03-2014,08:53:18,C30011,0,-43.345161,-22.942307,0.0
10-03-2014,08:54:18,C30011,0,-43.344727,-22.941847,0.0
10-03-2014,08:55:18,C30011,0,-43.343918,-22.939558,47.0
10-03-2014,08:56:18,C30011,0,-43.347897,-22.938461,20.0
10-03-2014,08:57:18,C30011,0,-43.350166,-22.937683,38.0
10-03-2014,08:57:48,C30011,0,-43.35099,-22.936953,18.0
10-03-2014,08:59:18,C30011,0,-43.352531,-22.933743,17.0
10-03-2014,09:01:18,C30011,0,-43.355278,-22.928087,7.0
10-03-2014,09:01:38,C30011,0,-43.355328,-22.927999,2.0
10-03-2014,09:03:18,C30011,0,-43.358486,-22.924814,0.0
10-03-2014,09:04:18,C30011,0,-43.360733,-22.922358,13.0
10-03-2014,09:05:18,C30011,0,-43.360649,-22.922026,23.0
10-03-2014,09:08:18,C30011,0,-43.361355,-22.915834,12.0
10-03-2014,09:09:18,C30011,0,-43.361385,-22.915947,0.0
10-03-2014,09:09:48,C30011,0,-43.361389,-22.915926,0.0
10-03-2014,09:11:18,C30011,0,-43.361439,-22.916018,0.0
10-03-2014,09:12:18,C30011,0,-43.361439,-22.916018,0.0
10-03-2014,09:13:18,C30011,0,-43.361439,-22.916018,0.0
10-03-2014,09:13:48,C30011,0,-43.361439,-22.916018,0.0
10-03-2014,09:15:18,C30011,0,-43.360748,-22.915396,30.0
10-03-2014,09:15:48,C30011,0,-43.360744,-22.915012,0.0
10-03-2014,09:16:48,C30011,0,-43.361553,-22.915297,5.0
10-03-2014,09:18:18,C30011,0,-43.362171,-22.916132,7.0
10-03-2014,09:19:18,C30011,0,-43.362171,-22.916132,0.0
10-03-2014,09:21:18,C30011,0,-43.361355,-22.9174,3.0
10-03-2014,09:22:18,C30011,0,-43.360901,-22.918447,34.0
10-03-2014,09:23:18,C30011,0,-43.360577,-22.919241,0.0
10-03-2014,09:23:48,C30011,0,-43.360382,-22.919916,0.0
10-03-2014,09:25:19,C30011,0,-43.361591,-22.923784,0.0
10-03-2014,09:26:18,C30011,0,-43.361481,-22.924232,20.0
10-03-2014,09:28:19,C30011,0,-43.359753,-22.925713,0.0
10-03-2014,09:30:19,C30011,0,-43.359322,-22.927538,0.0
10-03-2014,09:31:19,C30011,0,-43.358643,-22.927788,0.0
10-03-2014,09:32:19,C30011,0,-43.356995,-22.928339,8.0
10-03-2014,09:33:19,C30011,0,-43.35656,-22.928465,0.0
10-03-2014,09:36:19,C30011,0,-43.352566,-22.934166,21.0
10-03-2014,09:37:19,C30011,0,-43.352306,-22.935762,18.0
10-03-2014,09:38:19,C30011,0,-43.350689,-22.937384,0.0
10-03-2014,09:38:49,C30011,0,-43.349888,-22.938471,43.0
10-03-2014,09:40:19,C30011,0,-43.344925,-22.938803,34.0
10-03-2014,09:41:19,C30011,0,-43.3442,-22.939365,0.0
10-03-2014,09:41:49,C30011,0,-43.343754,-22.940474,32.0
10-03-2014,09:43:19,C30011,0,-43.345615,-22.942936,28.0
10-03-2014,09:43:49,C30011,0,-43.346493,-22.944984,0.0
10-03-2014,09:45:09,C30011,0,-43.348278,-22.948759,22.0
10-03-2014,09:46:19,C30011,0,-43.349922,-22.951643,0.0
10-03-2014,09:47:19,C30011,0,-43.353561,-22.952637,0.0
10-03-2014,09:48:19,C30011,0,-43.355198,-22.95323,7.0
10-03-2014,09:50:19,C30011,0,-43.357319,-22.962885,53.0
10-03-2014,09:53:19,C30011,0,-43.366077,-22.980837,52.0
10-03-2014,09:54:19,C30011,0,-43.366112,-22.984493,37.0
10-03-2014,09:55:19,C30011,0,-43.366314,-22.992826,24.0
10-03-2014,09:55:49,C30011,0,-43.366264,-22.993843,44.0
10-03-2014,09:57:19,C30011,0,-43.367825,-22.998566,18.0
10-03-2014,09:58:19,C30011,0,-43.368923,-22.999575,6.0
10-03-2014,09:59:19,C30011,0,-43.367901,-23.001631,33.0
10-03-2014,09:59:49,C30011,0,-43.366989,-23.002443,11.0
10-03-2014,10:01:19,C30011,0,-43.364887,-23.001314,13.0
10-03-2014,10:02:19,C30011,0,-43.365265,-23.001287,0.0
10-03-2014,10:03:19,C30011,0,-43.365265,-23.001287,0.0
10-03-2014,10:04:19,C30011,0,-43.365265,-23.001287,0.0
10-03-2014,10:05:19,C30011,0,-43.365265,-23.001287,0.0
10-03-2014,10:06:19,C30011,0,-43.365265,-23.001287,0.0
10-03-2014,10:07:19,C30011,0,-43.365265,-23.001287,0.0
10-03-2014,10:09:19,C30011,0,-43.36742,-23.001383,0.0
10-03-2014,10:09:49,C30011,0,-43.36742,-23.001383,0.0
10-03-2014,10:11:19,C30011,0,-43.36797,-23.001505,8.0
10-03-2014,10:12:19,C30011,0,-43.366707,-23.002687,18.0
10-03-2014,10:13:19,C30011,0,-43.363167,-23.000517,51.0
10-03-2014,10:14:19,C30011,0,-43.36565,-22.995264,32.0
10-03-2014,10:15:19,C30011,0,-43.365429,-22.988186,71.0
10-03-2014,10:16:19,C30011,0,-43.365421,-22.98333,38.0
10-03-2014,10:17:19,C30011,0,-43.364315,-22.977133,44.0
10-03-2014,10:17:39,C30011,0,-43.363098,-22.974537,64.0
10-03-2014,10:21:49,C30011,0,-43.350845,-22.952074,28.0
10-03-2014,10:23:19,C30011,0,-43.348854,-22.950781,30.0
10-03-2014,10:24:19,C30011,0,-43.348186,-22.948812,0.0
10-03-2014,10:26:19,C30011,0,-43.34523,-22.942362,0.0
10-03-2014,10:26:49,C30011,0,-43.345173,-22.942265,13.0
10-03-2014,10:27:49,C30011,0,-43.343475,-22.940414,0.0
10-03-2014,10:28:39,C30011,0,-43.345047,-22.938673,38.0
10-03-2014,10:29:49,C30011,0,-43.347923,-22.938437,14.0
10-03-2014,10:30:49,C30011,0,-43.349998,-22.937777,10.0
10-03-2014,10:31:49,C30011,0,-43.352509,-22.935261,0.0
10-03-2014,10:32:49,C30011,0,-43.352955,-22.932487,46.0
10-03-2014,10:33:59,C30011,0,-43.353722,-22.929609,8.0
10-03-2014,10:34:49,C30011,0,-43.355862,-22.927349,36.0
10-03-2014,10:35:49,C30011,0,-43.357609,-22.925373,0.0
10-03-2014,10:36:49,C30011,0,-43.360283,-22.924866,46.0
10-03-2014,10:37:49,C30011,0,-43.360249,-22.920389,27.0
10-03-2014,10:38:49,C30011,0,-43.360809,-22.91852,25.0
10-03-2014,10:39:49,C30011,0,-43.361473,-22.917,35.0
10-03-2014,10:41:49,C30011,0,-43.361343,-22.915976,0.0
10-03-2014,10:42:49,C30011,0,-43.361343,-22.915976,0.0
10-03-2014,10:43:49,C30011,0,-43.361343,-22.915976,0.0
10-03-2014,10:44:49,C30011,0,-43.361343,-22.915976,0.0
10-03-2014,10:45:49,C30011,0,-43.361198,-22.916157,8.0
10-03-2014,10:46:49,C30011,0,-43.360699,-22.915073,0.0
10-03-2014,10:47:49,C30011,0,-43.362179,-22.916164,13.0
10-03-2014,10:48:49,C30011,0,-43.362186,-22.916172,0.0
10-03-2014,10:49:49,C30011,0,-43.361347,-22.917448,0.0
10-03-2014,10:50:49,C30011,0,-43.361084,-22.918053,0.0
10-03-2014,10:51:49,C30011,0,-43.360386,-22.919794,15.0
10-03-2014,10:52:49,C30011,0,-43.360397,-22.920662,15.0
10-03-2014,10:53:49,C30011,0,-43.361458,-22.924248,20.0
10-03-2014,10:55:50,C30011,0,-43.359985,-22.924925,0.0
10-03-2014,10:56:50,C30011,0,-43.359982,-22.926811,22.0
10-03-2014,10:58:00,C30011,0,-43.35796,-22.928003,29.0
10-03-2014,10:58:50,C30011,0,-43.356243,-22.928564,11.0
10-03-2014,10:59:50,C30011,0,-43.354664,-22.928829,29.0
10-03-2014,11:00:20,C30011,0,-43.35347,-22.930969,12.0
10-03-2014,11:01:53,C30011,0,-43.353046,-22.932463,0.0
10-03-2014,11:02:53,C30011,0,-43.352711,-22.933376,20.0
10-03-2014,11:03:43,C30011,0,-43.352509,-22.934612,18.0
10-03-2014,11:04:45,C30011,0,-43.352058,-22.936068,0.0
10-03-2014,11:05:45,C30011,0,-43.350983,-22.937025,23.0
10-03-2014,11:06:45,C30011,0,-43.34911,-22.938473,26.0
10-03-2014,11:08:55,C30011,0,-43.343872,-22.939732,0.0
10-03-2014,11:09:45,C30011,0,-43.343872,-22.939732,0.0
10-03-2014,11:10:49,C30011,0,-43.344704,-22.94087,16.0
10-03-2014,11:11:50,C30011,0,-43.346588,-22.945484,47.0
10-03-2014,11:12:50,C30011,0,-43.348598,-22.950018,35.0
10-03-2014,11:13:50,C30011,0,-43.350407,-22.951797,30.0
10-03-2014,11:14:50,C30011,0,-43.355988,-22.953442,39.0
10-03-2014,11:16:00,C30011,0,-43.357639,-22.959726,67.0
10-03-2014,11:16:50,C30011,0,-43.357349,-22.96435,39.0
10-03-2014,11:17:10,C30011,0,-43.357563,-22.967058,63.0
10-03-2014,11:19:50,C30011,0,-43.36615,-22.987711,51.0
10-03-2014,11:20:40,C30011,0,-43.366219,-22.993332,56.0
10-03-2014,11:21:50,C30011,0,-43.368912,-22.999632,7.0
10-03-2014,11:23:50,C30011,0,-43.368713,-23.00094,0.0
10-03-2014,11:24:50,C30011,0,-43.367344,-23.002134,15.0
10-03-2014,11:25:50,C30011,0,-43.364449,-23.001738,46.0
10-03-2014,11:26:40,C30011,0,-43.365345,-23.001322,0.0
10-03-2014,11:27:20,C30011,0,-43.365345,-23.001322,0.0
10-03-2014,11:40:00,C30011,0,-43.354828,-22.955084,28.0
10-03-2014,11:40:10,C30011,0,-43.354729,-22.954414,32.0
10-03-2014,11:42:01,C30011,0,-43.349506,-22.951553,27.0
10-03-2014,11:43:42,C30011,0,-43.346474,-22.945362,0.0
10-03-2014,11:45:02,C30011,0,-43.343689,-22.94076,30.0
10-03-2014,11:45:52,C30011,0,-43.345512,-22.938622,29.0
10-03-2014,11:47:52,C30011,0,-43.352161,-22.935797,41.0
10-03-2014,11:48:52,C30011,0,-43.352489,-22.934052,17.0
10-03-2014,11:49:52,C30011,0,-43.353168,-22.931814,10.0
10-03-2014,11:50:52,C30011,0,-43.353416,-22.930428,6.0
10-03-2014,11:51:52,C30011,0,-43.354774,-22.928478,31.0
10-03-2014,11:52:52,C30011,0,-43.357124,-22.925699,13.0
10-03-2014,11:53:52,C30011,0,-43.358021,-22.925119,0.0
10-03-2014,11:56:52,C30011,0,-43.360535,-22.921473,26.0
10-03-2014,11:57:22,C30011,0,-43.360382,-22.920982,0.0
10-03-2014,11:58:52,C30011,0,-43.360313,-22.919765,9.0
10-03-2014,11:59:52,C30011,0,-43.360989,-22.918068,0.0
10-03-2014,12:00:52,C30011,0,-43.361267,-22.917364,10.0
10-03-2014,12:02:52,C30011,0,-43.36076,-22.915392,5.0
10-03-2014,12:03:52,C30011,0,-43.360825,-22.915253,0.0
10-03-2014,12:04:52,C30011,0,-43.361248,-22.915653,7.0
10-03-2014,12:05:52,C30011,0,-43.361423,-22.915852,0.0
10-03-2014,12:06:52,C30011,0,-43.361423,-22.915852,0.0
10-03-2014,12:07:52,C30011,0,-43.361423,-22.915852,0.0
10-03-2014,12:08:52,C30011,0,-43.361423,-22.915852,0.0
10-03-2014,12:09:52,C30011,0,-43.361423,-22.915852,0.0
10-03-2014,12:10:52,C30011,0,-43.361423,-22.915852,0.0
10-03-2014,12:12:57,C30011,0,-43.360802,-22.915745,0.0
10-03-2014,12:14:57,C30011,0,-43.361774,-22.915701,0.0
10-03-2014,12:16:57,C30011,0,-43.36211,-22.916164,0.0
10-03-2014,12:17:57,C30011,0,-43.362198,-22.916435,18.0
10-03-2014,12:18:57,C30011,0,-43.361458,-22.917082,0.0
10-03-2014,12:19:57,C30011,0,-43.361324,-22.917433,0.0
10-03-2014,12:20:57,C30011,0,-43.361237,-22.917728,0.0
10-03-2014,12:22:57,C30011,0,-43.361301,-22.923378,33.0
10-03-2014,12:23:57,C30011,0,-43.361359,-22.924364,35.0
10-03-2014,12:24:57,C30011,0,-43.359638,-22.924953,12.0
10-03-2014,12:25:57,C30011,0,-43.359905,-22.926386,6.0
10-03-2014,12:26:57,C30011,0,-43.360081,-22.927217,13.0
10-03-2014,12:27:57,C30011,0,-43.357548,-22.928112,9.0
10-03-2014,12:28:57,C30011,0,-43.35751,-22.928125,4.0
10-03-2014,12:29:57,C30011,0,-43.356312,-22.928535,0.0
10-03-2014,12:31:47,C30011,0,-43.353607,-22.930056,15.0
10-03-2014,12:32:47,C30011,0,-43.353523,-22.930653,11.0
10-03-2014,12:34:47,C30011,0,-43.353256,-22.931879,0.0
10-03-2014,12:35:47,C30011,0,-43.353062,-22.932423,1.0
10-03-2014,12:36:47,C30011,0,-43.352715,-22.933382,0.0
10-03-2014,12:37:47,C30011,0,-43.352661,-22.933542,0.0
10-03-2014,12:38:47,C30011,0,-43.352554,-22.934519,16.0
10-03-2014,12:39:47,C30011,0,-43.351425,-22.936659,46.0
10-03-2014,12:41:47,C30011,0,-43.348331,-22.938499,27.0
10-03-2014,12:42:47,C30011,0,-43.34441,-22.93906,19.0
10-03-2014,12:43:47,C30011,0,-43.344292,-22.939251,8.0
10-03-2014,12:44:57,C30011,0,-43.343803,-22.939905,0.0
10-03-2014,12:45:57,C30011,0,-43.343658,-22.940241,12.0
10-03-2014,12:46:57,C30011,0,-43.344494,-22.940838,14.0
10-03-2014,12:47:57,C30011,0,-43.345497,-22.942717,0.0
10-03-2014,12:49:47,C30011,0,-43.347961,-22.9478,51.0
10-03-2014,12:50:47,C30011,0,-43.350025,-22.951691,17.0
10-03-2014,12:52:57,C30011,0,-43.357388,-22.953999,25.0
10-03-2014,12:53:57,C30011,0,-43.357471,-22.958914,48.0
10-03-2014,12:54:17,C30011,0,-43.357452,-22.961416,51.0
10-03-2014,12:58:56,C30011,0,-43.366177,-22.988661,53.0
10-03-2014,12:59:56,C30011,0,-43.366264,-22.993137,16.0
10-03-2014,13:00:59,C30011,0,-43.367428,-22.998411,25.0
10-03-2014,13:01:59,C30011,0,-43.369125,-22.999987,15.0
10-03-2014,13:03:54,C30011,0,-43.365505,-23.002752,14.0
10-03-2014,13:04:54,C30011,0,-43.365036,-23.001345,4.0
10-03-2014,13:06:54,C30011,0,-43.365036,-23.001345,0.0
10-03-2014,13:07:54,C30011,0,-43.365211,-23.001352,0.0
10-03-2014,13:08:44,C30011,0,-43.365211,-23.001352,0.0
10-03-2014,13:09:54,C30011,0,-43.365211,-23.001352,0.0
10-03-2014,13:10:57,C30011,0,-43.365211,-23.001352,0.0
10-03-2014,13:11:57,C30011,0,-43.365211,-23.001352,0.0
10-03-2014,13:13:57,C30011,0,-43.365326,-23.001419,0.0
10-03-2014,13:14:57,C30011,0,-43.365326,-23.001419,0.0
10-03-2014,13:15:57,C30011,0,-43.365326,-23.001419,0.0
10-03-2014,13:16:57,C30011,0,-43.365326,-23.001419,0.0
10-03-2014,13:17:57,C30011,0,-43.367153,-23.001457,26.0
10-03-2014,13:18:57,C30011,0,-43.366665,-23.002754,25.0
10-03-2014,13:19:57,C30011,0,-43.363049,-22.999662,48.0
10-03-2014,13:21:57,C30011,0,-43.365482,-22.991337,47.0
10-03-2014,13:22:57,C30011,0,-43.365242,-22.984144,20.0
10-03-2014,13:23:57,C30011,0,-43.365322,-22.981968,21.0
10-03-2014,13:24:57,C30011,0,-43.3633,-22.975168,65.0
10-03-2014,13:30:57,C30011,0,-43.351234,-22.952349,44.0
10-03-2014,13:31:57,C30011,0,-43.349659,-22.951693,0.0
10-03-2014,13:33:57,C30011,0,-43.346581,-22.945908,42.0
10-03-2014,13:35:57,C30011,0,-43.345409,-22.942783,17.0
10-03-2014,13:36:57,C30011,0,-43.344757,-22.941931,0.0
10-03-2014,13:37:57,C30011,0,-43.343586,-22.940649,12.0
10-03-2014,13:38:57,C30011,0,-43.343479,-22.940292,0.0
10-03-2014,13:39:57,C30011,0,-43.345154,-22.938684,8.0
10-03-2014,13:40:47,C30011,0,-43.345955,-22.938601,10.0
10-03-2014,13:41:47,C30011,0,-43.346756,-22.938515,0.0
10-03-2014,13:42:57,C30011,0,-43.349155,-22.938269,34.0
10-03-2014,13:43:57,C30011,0,-43.350945,-22.937006,0.0
10-03-2014,13:44:57,C30011,0,-43.352516,-22.934275,17.0
10-03-2014,13:46:57,C30011,0,-43.353485,-22.930246,22.0
10-03-2014,13:47:27,C30011,0,-43.353531,-22.930048,0.0
10-03-2014,13:48:57,C30011,0,-43.355858,-22.926882,29.0
10-03-2014,13:49:57,C30011,0,-43.356274,-22.926281,0.0
10-03-2014,13:50:57,C30011,0,-43.357315,-22.925585,8.0
10-03-2014,13:51:57,C30011,0,-43.357693,-22.925335,0.0
10-03-2014,13:52:57,C30011,0,-43.359386,-22.924782,23.0
10-03-2014,13:53:57,C30011,0,-43.360764,-22.92243,0.0
10-03-2014,13:54:57,C30011,0,-43.360218,-22.920193,31.0
10-03-2014,13:55:57,C30011,0,-43.360905,-22.91823,7.0
10-03-2014,13:56:57,C30011,0,-43.361172,-22.917587,25.0
10-03-2014,13:57:57,C30011,0,-43.361366,-22.915861,7.0
10-03-2014,13:58:57,C30011,0,-43.361374,-22.915882,0.0
10-03-2014,13:59:57,C30011,0,-43.361374,-22.915882,0.0
10-03-2014,14:01:57,C30011,0,-43.361374,-22.915882,0.0
10-03-2014,14:02:57,C30011,0,-43.361401,-22.91593,5.0
10-03-2014,14:03:57,C30011,0,-43.361458,-22.916021,0.0
10-03-2014,14:04:57,C30011,0,-43.361458,-22.916021,0.0
10-03-2014,14:05:57,C30011,0,-43.361458,-22.916021,0.0
10-03-2014,14:06:47,C30011,0,-43.361458,-22.916021,0.0
10-03-2014,14:07:57,C30011,0,-43.361458,-22.916021,0.0
10-03-2014,14:08:57,C30011,0,-43.360706,-22.915094,15.0
10-03-2014,14:09:57,C30011,0,-43.360695,-22.914909,0.0
10-03-2014,14:11:57,C30011,0,-43.361813,-22.915771,0.0
10-03-2014,14:12:57,C30011,0,-43.362213,-22.916319,0.0
10-03-2014,14:13:57,C30011,0,-43.362213,-22.916319,0.0
10-03-2014,14:14:47,C30011,0,-43.361443,-22.917114,27.0
10-03-2014,14:15:58,C30011,0,-43.360981,-22.918358,29.0
10-03-2014,14:16:58,C30011,0,-43.361263,-22.923351,44.0
10-03-2014,14:17:58,C30011,0,-43.361481,-22.923719,3.0
10-03-2014,14:18:58,C30011,0,-43.360256,-22.925003,0.0
10-03-2014,14:19:58,C30011,0,-43.359951,-22.92663,34.0
10-03-2014,14:21:58,C30011,0,-43.35627,-22.928595,0.0
10-03-2014,14:22:58,C30011,0,-43.355206,-22.928825,22.0
10-03-2014,14:23:48,C30011,0,-43.353424,-22.931274,45.0
10-03-2014,14:24:52,C30011,0,-43.351715,-22.936455,42.0
10-03-2014,14:25:52,C30011,0,-43.349178,-22.938635,33.0
10-03-2014,14:26:52,C30011,0,-43.347065,-22.938652,2.0
10-03-2014,14:27:52,C30011,0,-43.346897,-22.938425,0.0
10-03-2014,14:28:52,C30011,0,-43.345116,-22.938774,38.0
10-03-2014,14:30:04,C30011,0,-43.344334,-22.940874,10.0
10-03-2014,14:30:54,C30011,0,-43.345325,-22.94249,0.0
10-03-2014,14:31:54,C30011,0,-43.346317,-22.944424,11.0
10-03-2014,14:32:54,C30011,0,-43.348122,-22.948372,0.0
10-03-2014,14:33:54,C30011,0,-43.349323,-22.951403,0.0
10-03-2014,14:34:54,C30011,0,-43.353191,-22.952671,43.0
10-03-2014,14:35:54,C30011,0,-43.355412,-22.953344,9.0
10-03-2014,14:36:54,C30011,0,-43.358368,-22.95533,41.0
10-03-2014,14:41:04,C30011,0,-43.366013,-22.98074,51.0
10-03-2014,14:42:54,C30011,0,-43.366203,-22.992496,16.0
10-03-2014,14:43:24,C30011,0,-43.366211,-22.993259,27.0
10-03-2014,14:44:54,C30011,0,-43.36866,-23.001038,13.0
10-03-2014,14:45:54,C30011,0,-43.366196,-23.002897,19.0
10-03-2014,14:46:54,C30011,0,-43.364277,-23.001581,0.0
10-03-2014,14:47:54,C30011,0,-43.364277,-23.001581,0.0
10-03-2014,14:48:54,C30011,0,-43.364277,-23.001581,0.0
10-03-2014,14:49:54,C30011,0,-43.364666,-23.001413,0.0
10-03-2014,14:50:54,C30011,0,-43.364666,-23.001413,0.0
10-03-2014,14:51:54,C30011,0,-43.364666,-23.001413,0.0
10-03-2014,14:52:54,C30011,0,-43.365318,-23.001366,0.0
10-03-2014,14:53:54,C30011,0,-43.36533,-23.001368,0.0
10-03-2014,14:54:54,C30011,0,-43.36533,-23.001368,0.0
10-03-2014,14:55:54,C30011,0,-43.36533,-23.001368,0.0
10-03-2014,14:56:54,C30011,0,-43.367958,-23.001617,0.0
10-03-2014,14:57:54,C30011,0,-43.365868,-23.002874,8.0
10-03-2014,14:58:54,C30011,0,-43.363602,-22.99905,53.0
10-03-2014,14:59:54,C30011,0,-43.365475,-22.992485,38.0
10-03-2014,15:00:54,C30011,0,-43.365318,-22.985012,27.0
10-03-2014,15:01:54,C30011,0,-43.365261,-22.984272,0.0
10-03-2014,15:02:54,C30011,0,-43.365311,-22.98218,32.0
10-03-2014,15:03:54,C30011,0,-43.363544,-22.975716,56.0
10-03-2014,15:05:44,C30011,0,-43.356964,-22.963655,48.0
10-03-2014,15:08:04,C30011,0,-43.354771,-22.954035,13.0
10-03-2014,15:09:04,C30011,0,-43.354931,-22.953342,0.0
10-03-2014,15:09:54,C30011,0,-43.353344,-22.952709,19.0
10-03-2014,15:13:04,C30011,0,-43.349682,-22.951672,12.0
10-03-2014,15:14:04,C30011,0,-43.348461,-22.949936,28.0
10-03-2014,15:15:04,C30011,0,-43.346458,-22.945555,22.0
10-03-2014,15:15:54,C30011,0,-43.346111,-22.944134,33.0
10-03-2014,15:16:54,C30011,0,-43.344662,-22.941864,12.0
10-03-2014,15:17:54,C30011,0,-43.344276,-22.939121,27.0
10-03-2014,15:18:54,C30011,0,-43.345581,-22.938665,0.0
10-03-2014,15:19:54,C30011,0,-43.346375,-22.938606,5.0
10-03-2014,15:20:55,C30011,0,-43.347988,-22.938486,9.0
10-03-2014,15:21:55,C30011,0,-43.348995,-22.938343,0.0
10-03-2014,15:23:05,C30011,0,-43.349838,-22.937929,10.0
10-03-2014,15:24:05,C30011,0,-43.351322,-22.936741,6.0
10-03-2014,15:24:55,C30011,0,-43.35252,-22.934877,38.0
10-03-2014,15:25:55,C30011,0,-43.352837,-22.932796,32.0
10-03-2014,15:26:55,C30011,0,-43.353741,-22.929436,0.0
10-03-2014,15:27:45,C30011,0,-43.353741,-22.929436,0.0
10-03-2014,15:28:55,C30011,0,-43.355862,-22.927258,37.0
10-03-2014,15:29:55,C30011,0,-43.357414,-22.925606,0.0
10-03-2014,15:31:55,C30011,0,-43.359638,-22.92486,21.0
10-03-2014,15:32:55,C30011,0,-43.361347,-22.923492,27.0
10-03-2014,15:33:55,C30011,0,-43.360649,-22.92198,29.0
10-03-2014,15:34:55,C30011,0,-43.360229,-22.920605,24.0
10-03-2014,15:35:55,C30011,0,-43.360718,-22.918663,15.0
10-03-2014,15:36:55,C30011,0,-43.361095,-22.916138,28.0
10-03-2014,15:37:55,C30011,0,-43.361397,-22.915916,0.0
10-03-2014,15:38:55,C30011,0,-43.361397,-22.915916,0.0
10-03-2014,15:39:55,C30011,0,-43.361397,-22.915916,0.0
10-03-2014,15:40:55,C30011,0,-43.360733,-22.915621,26.0
10-03-2014,15:41:55,C30011,0,-43.361843,-22.915833,39.0
10-03-2014,15:42:55,C30011,0,-43.362236,-22.916403,0.0
10-03-2014,15:43:55,C30011,0,-43.361244,-22.917593,0.0
10-03-2014,15:44:55,C30011,0,-43.360359,-22.919806,27.0
10-03-2014,15:45:55,C30011,0,-43.361542,-22.923811,0.0
10-03-2014,15:46:55,C30011,0,-43.360828,-22.924892,35.0
10-03-2014,15:47:55,C30011,0,-43.359867,-22.924986,6.0
10-03-2014,15:48:56,C30011,0,-43.359844,-22.926292,12.0
10-03-2014,15:49:56,C30011,0,-43.360016,-22.927086,10.0
10-03-2014,15:50:55,C30011,0,-43.35614,-22.928642,11.0
10-03-2014,15:52:45,C30011,0,-43.352917,-22.932671,16.0
10-03-2014,15:53:55,C30011,0,-43.352539,-22.934027,0.0
10-03-2014,15:54:55,C30011,0,-43.351971,-22.936148,28.0
10-03-2014,15:55:55,C30011,0,-43.350502,-22.937485,17.0
10-03-2014,15:56:55,C30011,0,-43.349163,-22.938553,28.0
10-03-2014,15:57:55,C30011,0,-43.345947,-22.938725,25.0
10-03-2014,15:58:55,C30011,0,-43.344196,-22.939409,0.0
10-03-2014,15:59:55,C30011,0,-43.343632,-22.940166,20.0
10-03-2014,16:00:46,C30011,0,-43.34417,-22.940861,21.0
10-03-2014,16:03:46,C30011,0,-43.346619,-22.945829,19.0
10-03-2014,16:05:06,C30011,0,-43.3484,-22.949287,0.0
10-03-2014,16:05:51,C30011,0,-43.349983,-22.951675,20.0
10-03-2014,16:06:51,C30011,0,-43.352402,-22.952646,16.0
10-03-2014,16:07:21,C30011,0,-43.353348,-22.952656,0.0
10-03-2014,16:10:11,C30011,0,-43.358391,-22.956133,46.0
10-03-2014,16:15:01,C30011,0,-43.366104,-22.984133,45.0
10-03-2014,16:16:02,C30011,0,-43.366207,-22.991455,49.0
10-03-2014,16:17:02,C30011,0,-43.366215,-22.997124,49.0
10-03-2014,16:18:02,C30011,0,-43.36702,-23.002474,47.0
10-03-2014,16:18:52,C30011,0,-43.364342,-23.00139,11.0
10-03-2014,16:19:52,C30011,0,-43.365097,-23.001379,0.0
10-03-2014,16:20:52,C30011,0,-43.365097,-23.001379,0.0
10-03-2014,16:21:52,C30011,0,-43.365097,-23.001379,0.0
10-03-2014,16:22:52,C30011,0,-43.365295,-23.001406,6.0
10-03-2014,16:24:02,C30011,0,-43.366383,-23.001446,23.0
10-03-2014,16:24:52,C30011,0,-43.367928,-23.001644,6.0
10-03-2014,16:25:52,C30011,0,-43.365013,-23.002403,33.0
10-03-2014,16:27:02,C30011,0,-43.365662,-22.996492,51.0
10-03-2014,16:28:02,C30011,0,-43.36549,-22.993876,0.0
10-03-2014,16:29:02,C30011,0,-43.36549,-22.993876,0.0
10-03-2014,16:30:02,C30011,0,-43.365437,-22.991722,0.0
10-03-2014,16:31:02,C30011,0,-43.365467,-22.991444,16.0
10-03-2014,16:32:02,C30011,0,-43.365372,-22.98641,46.0
10-03-2014,16:33:02,C30011,0,-43.365265,-22.984684,0.0
10-03-2014,16:33:32,C30011,0,-43.365265,-22.984684,0.0
10-03-2014,16:35:02,C30011,0,-43.365288,-22.982658,27.0
10-03-2014,16:36:02,C30011,0,-43.364582,-22.977962,52.0
10-03-2014,16:36:52,C30011,0,-43.36134,-22.971851,54.0
10-03-2014,16:37:52,C30011,0,-43.359745,-22.970228,0.0
10-03-2014,16:39:22,C30011,0,-43.357487,-22.967615,40.0
10-03-2014,16:41:02,C30011,0,-43.357006,-22.962526,0.0
10-03-2014,16:41:22,C30011,0,-43.357037,-22.962107,33.0
10-03-2014,16:42:52,C30011,0,-43.355217,-22.955555,36.0
10-03-2014,16:44:02,C30011,0,-43.354954,-22.95344,26.0
10-03-2014,16:45:02,C30011,0,-43.353043,-22.952757,31.0
10-03-2014,16:46:02,C30011,0,-43.349094,-22.951315,31.0
10-03-2014,16:47:02,C30011,0,-43.348469,-22.949911,0.0
10-03-2014,16:48:02,C30011,0,-43.347115,-22.946657,25.0
10-03-2014,16:49:02,C30011,0,-43.346298,-22.944845,0.0
10-03-2014,16:49:52,C30011,0,-43.345211,-22.94243,30.0
10-03-2014,16:51:02,C30011,0,-43.34449,-22.941666,19.0
10-03-2014,16:52:02,C30011,0,-43.343842,-22.939728,0.0
10-03-2014,16:53:02,C30011,0,-43.344707,-22.938768,0.0
10-03-2014,16:54:02,C30011,0,-43.345585,-22.938707,0.0
10-03-2014,16:55:02,C30011,0,-43.347054,-22.93852,0.0
10-03-2014,16:56:02,C30011,0,-43.347809,-22.938454,14.0
10-03-2014,16:58:02,C30011,0,-43.349911,-22.93788,20.0
10-03-2014,16:59:02,C30011,0,-43.351273,-22.936712,25.0
10-03-2014,17:00:02,C30011,0,-43.352074,-22.935974,37.0
10-03-2014,17:01:02,C30011,0,-43.353401,-22.930901,13.0
10-03-2014,17:01:32,C30011,0,-43.353455,-22.930775,0.0
10-03-2014,17:03:02,C30011,0,-43.355968,-22.926647,37.0
10-03-2014,17:04:02,C30011,0,-43.356354,-22.926256,0.0
10-03-2014,17:05:02,C30011,0,-43.357986,-22.9251,0.0
10-03-2014,17:06:02,C30011,0,-43.358334,-22.924892,7.0
10-03-2014,17:07:02,C30011,0,-43.361111,-22.923122,35.0
10-03-2014,17:08:02,C30011,0,-43.36079,-22.922575,0.0
10-03-2014,17:08:32,C30011,0,-43.360394,-22.921101,14.0
10-03-2014,17:10:02,C30011,0,-43.360645,-22.918896,20.0
10-03-2014,17:11:02,C30011,0,-43.360947,-22.918209,24.0
10-03-2014,17:12:02,C30011,0,-43.361046,-22.916124,35.0
10-03-2014,17:13:02,C30011,0,-43.361115,-22.915501,0.0
10-03-2014,17:14:02,C30011,0,-43.361115,-22.915501,0.0
10-03-2014,17:15:02,C30011,0,-43.361378,-22.915867,0.0
10-03-2014,17:16:02,C30011,0,-43.361378,-22.915867,0.0
10-03-2014,17:17:02,C30011,0,-43.361378,-22.915867,0.0
10-03-2014,17:18:02,C30011,0,-43.361378,-22.915867,0.0
10-03-2014,17:19:02,C30011,0,-43.361378,-22.915867,0.0
10-03-2014,17:20:02,C30011,0,-43.361378,-22.915867,0.0
10-03-2014,17:21:02,C30011,0,-43.361477,-22.916058,0.0
10-03-2014,17:22:02,C30011,0,-43.361477,-22.916058,0.0
10-03-2014,17:23:02,C30011,0,-43.361477,-22.916058,0.0
10-03-2014,17:24:02,C30011,0,-43.361477,-22.916058,0.0
10-03-2014,17:25:02,C30011,0,-43.361477,-22.916058,0.0
10-03-2014,17:26:02,C30011,0,-43.360699,-22.91522,0.0
10-03-2014,17:27:02,C30011,0,-43.36203,-22.916069,0.0
10-03-2014,17:28:02,C30011,0,-43.36203,-22.916069,0.0
10-03-2014,17:29:02,C30011,0,-43.361305,-22.917381,0.0
10-03-2014,17:30:02,C30011,0,-43.360798,-22.918602,20.0
10-03-2014,17:30:32,C30011,0,-43.360508,-22.919292,0.0
10-03-2014,17:32:02,C30011,0,-43.360573,-22.921703,0.0
10-03-2014,17:33:02,C30011,0,-43.361488,-22.923964,8.0
10-03-2014,17:34:02,C30011,0,-43.360958,-22.924788,34.0
10-03-2014,17:34:52,C30011,0,-43.360474,-22.924973,0.0
10-03-2014,17:35:32,C30011,0,-43.360092,-22.925024,11.0
10-03-2014,17:36:52,C30011,0,-43.360062,-22.927225,11.0
10-03-2014,17:38:02,C30011,0,-43.359539,-22.927471,0.0
10-03-2014,17:39:02,C30011,0,-43.358524,-22.927866,0.0
10-03-2014,17:39:42,C30011,0,-43.357918,-22.928116,14.0
10-03-2014,17:41:02,C30011,0,-43.356915,-22.928446,0.0
10-03-2014,17:42:02,C30011,0,-43.35627,-22.928658,6.0
10-03-2014,17:43:02,C30011,0,-43.356266,-22.928658,0.0
10-03-2014,17:43:32,C30011,0,-43.35574,-22.928818,25.0
10-03-2014,17:45:02,C30011,0,-43.353775,-22.929529,43.0
10-03-2014,17:46:02,C30011,0,-43.352512,-22.933916,31.0
10-03-2014,17:47:02,C30011,0,-43.352066,-22.936075,0.0
10-03-2014,17:48:02,C30011,0,-43.351006,-22.937084,0.0
10-03-2014,17:49:02,C30011,0,-43.34993,-22.93848,37.0
10-03-2014,17:50:02,C30011,0,-43.348392,-22.938524,36.0
10-03-2014,17:51:02,C30011,0,-43.344193,-22.939356,13.0
10-03-2014,17:52:02,C30011,0,-43.343895,-22.939734,9.0
10-03-2014,17:53:02,C30011,0,-43.344852,-22.940868,23.0
10-03-2014,17:54:02,C30011,0,-43.346466,-22.944988,0.0
10-03-2014,17:55:02,C30011,0,-43.347042,-22.946465,41.0
10-03-2014,17:56:02,C30011,0,-43.348877,-22.950785,35.0
10-03-2014,17:57:02,C30011,0,-43.352184,-22.952703,31.0
10-03-2014,17:57:32,C30011,0,-43.353893,-22.952675,25.0
10-03-2014,17:59:02,C30011,0,-43.356361,-22.953568,34.0
10-03-2014,17:59:22,C30011,0,-43.357357,-22.954273,31.0
10-03-2014,18:04:02,C30011,0,-43.366074,-22.982212,51.0
10-03-2014,18:05:01,C30011,0,-43.366096,-22.985529,41.0
10-03-2014,18:06:02,C30011,0,-43.366238,-22.992828,33.0
10-03-2014,18:07:02,C30011,0,-43.366177,-22.995213,34.0
10-03-2014,18:08:02,C30011,0,-43.369129,-23.000311,23.0
10-03-2014,18:10:02,C30011,0,-43.364208,-23.0016,17.0
10-03-2014,18:11:02,C30011,0,-43.36499,-23.001337,0.0
10-03-2014,18:12:02,C30011,0,-43.365284,-23.001362,0.0
10-03-2014,18:13:02,C30011,0,-43.365284,-23.001362,0.0
10-03-2014,18:14:02,C30011,0,-43.365284,-23.001362,0.0
10-03-2014,18:15:02,C30011,0,-43.365639,-23.001389,0.0
10-03-2014,18:15:32,C30011,0,-43.366638,-23.001369,31.0
10-03-2014,18:17:02,C30011,0,-43.36306,-23.000597,47.0
10-03-2014,18:18:02,C30011,0,-43.365604,-22.996744,0.0
10-03-2014,18:19:02,C30011,0,-43.365463,-22.993746,15.0
10-03-2014,18:20:02,C30011,0,-43.365486,-22.993132,32.0
10-03-2014,18:21:02,C30011,0,-43.365421,-22.991774,0.0
10-03-2014,18:22:02,C30011,0,-43.365395,-22.986586,54.0
10-03-2014,18:23:02,C30011,0,-43.365211,-22.984657,0.0
10-03-2014,18:24:02,C30011,0,-43.365211,-22.984657,0.0
10-03-2014,18:25:02,C30011,0,-43.365211,-22.984657,0.0
10-03-2014,18:26:02,C30011,0,-43.365211,-22.984657,0.0
10-03-2014,18:27:02,C30011,0,-43.365265,-22.984276,0.0
10-03-2014,18:28:02,C30011,0,-43.365273,-22.984167,0.0
10-03-2014,18:28:52,C30011,0,-43.365292,-22.983074,8.0
10-03-2014,18:31:02,C30011,0,-43.36314,-22.974808,47.0
10-03-2014,18:32:02,C30011,0,-43.360332,-22.970865,9.0
10-03-2014,18:32:22,C30011,0,-43.360046,-22.970526,8.0
10-03-2014,18:37:12,C30011,0,-43.354733,-22.954229,0.0
10-03-2014,18:38:12,C30011,0,-43.35495,-22.953585,0.0
10-03-2014,18:39:02,C30011,0,-43.35474,-22.953096,0.0
10-03-2014,18:40:02,C30011,0,-43.353531,-22.952765,19.0
10-03-2014,18:41:02,C30011,0,-43.352657,-22.952782,13.0
10-03-2014,18:42:02,C30011,0,-43.351688,-22.95269,0.0
10-03-2014,18:43:02,C30011,0,-43.350574,-22.951986,7.0
10-03-2014,18:44:01,C30011,0,-43.350067,-22.95186,6.0
10-03-2014,18:45:01,C30011,0,-43.349689,-22.951742,0.0
10-03-2014,18:46:01,C30011,0,-43.348534,-22.950148,0.0
10-03-2014,18:46:32,C30011,0,-43.348495,-22.95005,0.0
10-03-2014,18:48:02,C30011,0,-43.348186,-22.948763,0.0
10-03-2014,18:48:21,C30011,0,-43.348186,-22.948763,0.0
10-03-2014,18:50:01,C30011,0,-43.347218,-22.946777,0.0
10-03-2014,18:51:01,C30011,0,-43.346916,-22.946501,0.0
10-03-2014,18:52:02,C30011,0,-43.346325,-22.94503,0.0
10-03-2014,18:53:01,C30011,0,-43.345657,-22.943262,0.0
10-03-2014,18:54:02,C30011,0,-43.34481,-22.942083,14.0
10-03-2014,18:55:02,C30011,0,-43.344643,-22.941847,5.0
10-03-2014,18:56:02,C30011,0,-43.343674,-22.940805,17.0
10-03-2014,18:57:02,C30011,0,-43.343662,-22.939976,32.0
10-03-2014,18:58:01,C30011,0,-43.345306,-22.938744,10.0
10-03-2014,18:58:32,C30011,0,-43.345932,-22.938669,13.0
10-03-2014,19:00:01,C30011,0,-43.346874,-22.938557,8.0
10-03-2014,19:01:11,C30011,0,-43.347393,-22.938572,15.0
10-03-2014,19:02:11,C30011,0,-43.350449,-22.937527,20.0
10-03-2014,19:03:12,C30011,0,-43.35173,-22.936392,33.0
10-03-2014,19:04:12,C30011,0,-43.352493,-22.933743,0.0
10-03-2014,19:05:12,C30011,0,-43.352661,-22.933292,9.0
10-03-2014,19:06:02,C30011,0,-43.353653,-22.929762,46.0
10-03-2014,19:07:02,C30011,0,-43.353851,-22.929317,0.0
10-03-2014,19:07:22,C30011,0,-43.354382,-22.928856,18.0
10-03-2014,19:09:12,C30011,0,-43.357342,-22.925629,0.0
10-03-2014,19:09:52,C30011,0,-43.358047,-22.92515,19.0
10-03-2014,19:11:12,C30011,0,-43.358742,-22.924828,0.0
10-03-2014,19:13:12,C30011,0,-43.360233,-22.924997,0.0
10-03-2014,19:13:22,C30011,0,-43.360535,-22.924944,20.0
10-03-2014,19:15:01,C30011,0,-43.36134,-22.92363,14.0
10-03-2014,19:16:11,C30011,0,-43.360592,-22.921783,0.0
10-03-2014,19:18:11,C30011,0,-43.360214,-22.920168,22.0
10-03-2014,19:18:31,C30011,0,-43.360329,-22.91971,13.0
10-03-2014,19:20:11,C30011,0,-43.361324,-22.917288,15.0
10-03-2014,19:21:11,C30011,0,-43.361107,-22.915617,0.0
10-03-2014,19:22:11,C30011,0,-43.361347,-22.915974,0.0
10-03-2014,19:23:11,C30011,0,-43.361347,-22.915974,0.0
10-03-2014,19:24:11,C30011,0,-43.361347,-22.915974,0.0
10-03-2014,19:25:11,C30011,0,-43.361347,-22.915974,0.0
10-03-2014,19:26:11,C30011,0,-43.361347,-22.915974,0.0
10-03-2014,19:27:11,C30011,0,-43.361347,-22.915974,0.0
10-03-2014,19:28:11,C30011,0,-43.361347,-22.915974,0.0
10-03-2014,19:29:11,C30011,0,-43.361347,-22.915974,0.0
10-03-2014,19:30:11,C30011,0,-43.36142,-22.91605,0.0
10-03-2014,19:31:12,C30011,0,-43.36142,-22.91605,0.0
10-03-2014,19:32:12,C30011,0,-43.36142,-22.91605,0.0
10-03-2014,19:33:02,C30011,0,-43.362148,-22.916338,33.0
10-03-2014,19:34:12,C30011,0,-43.362186,-22.916534,0.0
10-03-2014,19:35:12,C30011,0,-43.360996,-22.918171,24.0
10-03-2014,19:36:12,C30011,0,-43.360722,-22.922125,19.0
10-03-2014,19:37:12,C30011,0,-43.359524,-22.925144,15.0
10-03-2014,19:38:02,C30011,0,-43.360004,-22.92742,15.0
10-03-2014,19:41:02,C30011,0,-43.352882,-22.932791,7.0
10-03-2014,19:42:02,C30011,0,-43.352501,-22.934074,6.0
10-03-2014,19:43:02,C30011,0,-43.352486,-22.934811,30.0
10-03-2014,19:44:02,C30011,0,-43.352249,-22.93578,14.0
10-03-2014,19:45:02,C30011,0,-43.350391,-22.937609,10.0
10-03-2014,19:46:02,C30011,0,-43.347023,-22.938612,34.0
10-03-2014,19:47:02,C30011,0,-43.343853,-22.939754,0.0
10-03-2014,19:48:02,C30011,0,-43.343853,-22.939754,0.0
10-03-2014,19:49:02,C30011,0,-43.344421,-22.940876,9.0
10-03-2014,19:50:02,C30011,0,-43.346004,-22.943781,34.0
10-03-2014,19:51:02,C30011,0,-43.347992,-22.947998,0.0
10-03-2014,19:52:02,C30011,0,-43.349327,-22.951437,39.0
10-03-2014,19:53:02,C30011,0,-43.35392,-22.952682,32.0
10-03-2014,19:54:02,C30011,0,-43.357082,-22.95363,23.0
10-03-2014,19:54:32,C30011,0,-43.357903,-22.954588,19.0
10-03-2014,19:57:51,C30011,0,-43.362728,-22.972363,57.0
10-03-2014,19:59:11,C30011,0,-43.366112,-22.983946,14.0
10-03-2014,20:00:12,C30011,0,-43.366219,-22.991781,65.0
10-03-2014,20:01:02,C30011,0,-43.366215,-22.995354,30.0
10-03-2014,20:02:02,C30011,0,-43.367947,-23.001644,37.0
10-03-2014,20:03:02,C30011,0,-43.364262,-23.00141,15.0
10-03-2014,20:04:02,C30011,0,-43.365036,-23.001379,0.0
10-03-2014,20:05:02,C30011,0,-43.365036,-23.001379,0.0
10-03-2014,20:06:02,C30011,0,-43.365036,-23.001379,5.0
10-03-2014,20:07:02,C30011,0,-43.365669,-23.001341,20.0
10-03-2014,20:08:02,C30011,0,-43.366024,-23.002951,41.0
10-03-2014,20:09:02,C30011,0,-43.36441,-22.998169,41.0
10-03-2014,20:10:02,C30011,0,-43.365456,-22.991346,69.0
10-03-2014,20:12:02,C30011,0,-43.365326,-22.983755,10.0
10-03-2014,20:13:02,C30011,0,-43.365261,-22.980661,42.0
10-03-2014,20:14:02,C30011,0,-43.363594,-22.975815,53.0
10-03-2014,20:16:12,C30011,0,-43.35701,-22.962265,18.0
10-03-2014,20:16:52,C30011,0,-43.35714,-22.961134,46.0
10-03-2014,20:18:13,C30011,0,-43.354538,-22.954849,20.0
10-03-2014,20:19:13,C30011,0,-43.354889,-22.953705,0.0
10-03-2014,20:20:13,C30011,0,-43.354427,-22.953032,5.0
10-03-2014,20:21:13,C30011,0,-43.353775,-22.952822,12.0
10-03-2014,20:25:03,C30011,0,-43.348248,-22.948906,21.0
10-03-2014,20:26:03,C30011,0,-43.345978,-22.943874,51.0
10-03-2014,20:27:12,C30011,0,-43.343876,-22.941044,34.0
10-03-2014,20:28:12,C30011,0,-43.345146,-22.938761,0.0
10-03-2014,20:29:12,C30011,0,-43.346111,-22.938665,0.0
10-03-2014,20:29:32,C30011,0,-43.346111,-22.938665,0.0
10-03-2014,20:31:12,C30011,0,-43.346954,-22.938578,7.0
10-03-2014,20:32:12,C30011,0,-43.347412,-22.938587,8.0
10-03-2014,20:32:52,C30011,0,-43.34824,-22.938562,10.0
10-03-2014,20:34:02,C30011,0,-43.349285,-22.938307,12.0
10-03-2014,20:35:13,C30011,0,-43.350658,-22.937355,8.0
10-03-2014,20:36:12,C30011,0,-43.351299,-22.936768,0.0
10-03-2014,20:37:13,C30011,0,-43.352512,-22.934072,24.0
10-03-2014,20:38:13,C30011,0,-43.353477,-22.930809,25.0
10-03-2014,20:39:03,C30011,0,-43.354668,-22.928619,42.0
10-03-2014,20:40:03,C30011,0,-43.356853,-22.925875,6.0
10-03-2014,20:41:13,C30011,0,-43.359684,-22.924883,11.0
10-03-2014,20:42:12,C30011,0,-43.360973,-22.923075,27.0
10-03-2014,20:43:13,C30011,0,-43.360615,-22.922087,0.0
10-03-2014,20:44:02,C30011,0,-43.36018,-22.920626,13.0
10-03-2014,20:45:02,C30011,0,-43.360367,-22.919765,0.0
10-03-2014,20:46:02,C30011,0,-43.361393,-22.916914,46.0
10-03-2014,20:47:02,C30011,0,-43.36116,-22.915789,3.0
10-03-2014,20:48:02,C30011,0,-43.360699,-22.915224,0.0
10-03-2014,20:49:02,C30011,0,-43.360699,-22.915224,0.0
10-03-2014,20:50:02,C30011,0,-43.361919,-22.916012,47.0
10-03-2014,20:51:02,C30011,0,-43.362213,-22.916533,0.0
10-03-2014,20:52:12,C30011,0,-43.361095,-22.917982,8.0
10-03-2014,20:53:12,C30011,0,-43.36116,-22.923328,37.0
10-03-2014,20:54:12,C30011,0,-43.35994,-22.926783,23.0
10-03-2014,20:55:12,C30011,0,-43.358681,-22.927858,38.0
10-03-2014,20:56:12,C30011,0,-43.357738,-22.92816,0.0
10-03-2014,20:56:32,C30011,0,-43.357738,-22.92816,0.0
10-03-2014,20:58:01,C30011,0,-43.355049,-22.928829,30.0
10-03-2014,20:59:01,C30011,0,-43.353733,-22.929621,0.0
10-03-2014,21:00:05,C30011,0,-43.352837,-22.932917,0.0
10-03-2014,21:00:55,C30011,0,-43.352455,-22.934376,11.0
10-03-2014,21:02:05,C30011,0,-43.352367,-22.935604,0.0
10-03-2014,21:03:05,C30011,0,-43.35014,-22.93837,28.0
10-03-2014,21:04:05,C30011,0,-43.347343,-22.938576,8.0
10-03-2014,21:05:05,C30011,0,-43.345474,-22.938744,12.0
10-03-2014,21:06:15,C30011,0,-43.344532,-22.939003,0.0
10-03-2014,21:07:05,C30011,0,-43.344261,-22.939304,0.0
10-03-2014,21:08:05,C30011,0,-43.343815,-22.939857,0.0
10-03-2014,21:09:05,C30011,0,-43.343845,-22.940723,32.0
10-03-2014,21:10:05,C30011,0,-43.346725,-22.946041,49.0
10-03-2014,21:12:05,C30011,0,-43.348713,-22.950819,9.0
10-03-2014,21:12:55,C30011,0,-43.348427,-22.951105,0.0
10-03-2014,21:15:15,C30011,0,-43.348427,-22.951105,0.0
10-03-2014,21:17:05,C30011,0,-43.348427,-22.951105,0.0
10-03-2014,21:18:05,C30011,0,-43.348427,-22.951105,0.0
10-03-2014,21:19:15,C30011,0,-43.348427,-22.951105,0.0
10-03-2014,21:20:05,C30011,0,-43.348427,-22.951105,0.0
10-03-2014,21:21:05,C30011,0,-43.348427,-22.951105,0.0
10-03-2014,21:22:05,C30011,0,-43.348427,-22.951105,0.0
10-03-2014,21:23:05,C30011,0,-43.348427,-22.951105,0.0
10-03-2014,21:23:35,C30011,0,-43.348427,-22.951105,0.0
10-03-2014,21:25:15,C30011,0,-43.348427,-22.951105,0.0
10-03-2014,21:26:15,C30011,0,-43.348145,-22.951189,0.0
10-03-2014,21:26:55,C30011,0,-43.348145,-22.951189,0.0
10-03-2014,21:28:05,C30011,0,-43.348145,-22.951189,0.0
10-03-2014,21:29:15,C30011,0,-43.347847,-22.951258,15.0
10-03-2014,21:30:15,C30011,0,-43.347763,-22.951601,0.0
10-03-2014,21:31:05,C30011,0,-43.347763,-22.951601,0.0
10-03-2014,21:31:25,C30011,0,-43.347763,-22.951601,0.0
10-03-2014,21:33:05,C30011,0,-43.347984,-22.951941,0.0
10-03-2014,21:34:05,C30011,0,-43.348625,-22.951109,0.0
10-03-2014,21:35:05,C30011,0,-43.348625,-22.951109,0.0
10-03-2014,21:36:05,C30011,0,-43.34864,-22.951113,0.0
10-03-2014,21:37:05,C30011,0,-43.348476,-22.951302,0.0
10-03-2014,21:38:05,C30011,0,-43.348476,-22.951302,0.0
10-03-2014,21:39:05,C30011,0,-43.348476,-22.951302,0.0
10-03-2014,21:40:05,C30011,0,-43.348476,-22.951302,0.0
10-03-2014,21:41:05,C30011,0,-43.348476,-22.951302,0.0
10-03-2014,21:42:05,C30011,0,-43.348476,-22.951302,0.0
10-03-2014,21:43:05,C30011,0,-43.348476,-22.951302,0.0
10-03-2014,21:44:05,C30011,0,-43.348476,-22.951302,0.0
10-03-2014,21:45:05,C30011,0,-43.348476,-22.951302,0.0
10-03-2014,21:46:05,C30011,0,-43.348476,-22.951302,0.0
10-03-2014,21:47:05,C30011,0,-43.348476,-22.951302,0.0
10-03-2014,21:48:15,C30011,0,-43.348476,-22.951302,0.0
10-03-2014,21:49:05,C30011,0,-43.348476,-22.951302,0.0
10-03-2014,21:50:05,C30011,0,-43.348476,-22.951302,0.0
10-03-2014,21:51:05,C30011,0,-43.348476,-22.951302,0.0
10-03-2014,21:52:15,C30011,0,-43.348476,-22.951302,0.0
10-03-2014,21:53:05,C30011,0,-43.348476,-22.951302,0.0
10-03-2014,21:54:05,C30011,0,-43.348476,-22.951302,0.0
10-03-2014,21:55:05,C30011,0,-43.348476,-22.951302,0.0
10-03-2014,21:57:15,C30011,0,-43.348476,-22.951302,0.0
10-03-2014,21:58:05,C30011,0,-43.348476,-22.951302,0.0
10-03-2014,21:59:05,C30011,0,-43.348476,-22.951302,0.0
10-03-2014,22:00:05,C30011,0,-43.348476,-22.951302,0.0
10-03-2014,22:01:15,C30011,0,-43.348476,-22.951302,0.0
10-03-2014,22:02:05,C30011,0,-43.348476,-22.951302,0.0
10-03-2014,22:03:05,C30011,0,-43.348476,-22.951302,0.0
