new_equioc,26-05-2008,00:00:00,-122.41019,37.80841
new_equioc,26-05-2008,00:00:02,-122.41068,37.80843
new_equioc,26-05-2008,00:01:02,-122.41245,37.808
new_equioc,26-05-2008,00:02:02,-122.41168,37.80438
new_equioc,26-05-2008,00:03:02,-122.41128,37.80243
new_equioc,26-05-2008,00:04:07,-122.4118,37.80108
new_equioc,26-05-2008,00:05:17,-122.41594,37.8002
new_equioc,26-05-2008,00:06:04,-122.41526,37.79695
new_equioc,26-05-2008,00:07:04,-122.41468,37.79405
new_equioc,26-05-2008,00:08:10,-122.41432,37.7916
new_equioc,26-05-2008,00:09:05,-122.41108,37.79154
new_equioc,26-05-2008,00:10:07,-122.41024,37.78904
new_equioc,26-05-2008,00:11:07,-122.40987,37.78631
new_equioc,26-05-2008,00:11:38,-122.40987,37.78631
new_equioc,26-05-2008,00:11:42,-122.40987,37.78631
new_equioc,26-05-2008,00:11:53,-122.40975,37.78652
new_equioc,26-05-2008,00:12:53,-122.40851,37.78642
new_equioc,26-05-2008,00:13:53,-122.40878,37.78855
new_equioc,26-05-2008,00:14:53,-122.41211,37.78852
new_equioc,26-05-2008,00:15:53,-122.41537,37.78926
new_equioc,26-05-2008,00:16:54,-122.41831,37.78986
new_equioc,26-05-2008,00:17:54,-122.424,37.78945
new_equioc,26-05-2008,00:18:55,-122.42488,37.79446
new_equioc,26-05-2008,00:19:55,-122.42934,37.79495
new_equioc,26-05-2008,00:20:52,-122.43018,37.79478
new_equioc,26-05-2008,00:20:53,-122.43018,37.79478
new_equioc,26-05-2008,00:21:17,-122.43105,37.79469
new_equioc,26-05-2008,00:22:52,-122.43288,37.79238
new_equioc,26-05-2008,00:23:49,-122.4322,37.78916
new_equioc,26-05-2008,00:25:20,-122.42744,37.7897
new_equioc,26-05-2008,00:26:20,-122.42732,37.78988
new_equioc,26-05-2008,00:26:28,-122.42729,37.78992
new_equioc,26-05-2008,00:26:49,-122.42723,37.78971
new_equioc,26-05-2008,00:26:56,-122.42714,37.78915
new_equioc,26-05-2008,00:28:09,-122.43439,37.78785
new_equioc,26-05-2008,00:29:00,-122.44312,37.78674
new_equioc,26-05-2008,00:29:58,-122.4473,37.78347
new_equioc,26-05-2008,00:31:12,-122.44999,37.78219
new_equioc,26-05-2008,00:32:52,-122.45961,37.78129
new_equioc,26-05-2008,00:34:42,-122.47044,37.78081
new_equioc,26-05-2008,00:37:41,-122.47615,37.77993
new_equioc,26-05-2008,00:37:54,-122.47615,37.77993
new_equioc,26-05-2008,00:39:03,-122.47814,37.77777
new_equioc,26-05-2008,00:41:23,-122.47803,37.77567
new_equioc,26-05-2008,00:42:23,-122.47803,37.77568
new_equioc,26-05-2008,00:44:13,-122.47802,37.77567
new_equioc,26-05-2008,00:46:04,-122.47801,37.77566
new_equioc,26-05-2008,00:47:50,-122.47804,37.77567
new_equioc,26-05-2008,00:49:58,-122.47805,37.77566
new_equioc,26-05-2008,00:50:46,-122.47805,37.77565
new_equioc,26-05-2008,00:52:56,-122.478,37.77567
new_equioc,26-05-2008,00:56:33,-122.47802,37.77567
new_equioc,26-05-2008,00:57:29,-122.47793,37.77376
new_equioc,26-05-2008,00:59:12,-122.47815,37.7778
new_equioc,26-05-2008,01:00:12,-122.47795,37.78034
new_equioc,26-05-2008,01:03:27,-122.46651,37.78085
new_equioc,26-05-2008,01:03:57,-122.46448,37.78091
new_equioc,26-05-2008,01:04:34,-122.46342,37.78099
new_equioc,26-05-2008,01:04:41,-122.46317,37.781
new_equioc,26-05-2008,01:05:54,-122.45475,37.78144
new_equioc,26-05-2008,01:06:37,-122.44756,37.7824
new_equioc,26-05-2008,01:07:47,-122.43778,37.78365
new_equioc,26-05-2008,01:08:48,-122.43313,37.78425
new_equioc,26-05-2008,01:09:36,-122.42868,37.78479
new_equioc,26-05-2008,01:10:42,-122.42338,37.78463
new_equioc,26-05-2008,01:11:42,-122.42032,37.78514
new_equioc,26-05-2008,01:12:40,-122.41614,37.78458
new_equioc,26-05-2008,01:13:38,-122.41512,37.77959
new_equioc,26-05-2008,01:14:43,-122.41109,37.77581
new_equioc,26-05-2008,01:15:38,-122.40559,37.77143
new_equioc,26-05-2008,01:16:38,-122.40285,37.77331
new_equioc,26-05-2008,01:17:38,-122.39793,37.76948
new_equioc,26-05-2008,01:18:45,-122.39358,37.76189
new_equioc,26-05-2008,01:19:35,-122.39327,37.75878
new_equioc,26-05-2008,01:19:59,-122.39327,37.75878
new_equioc,26-05-2008,01:20:46,-122.39303,37.75591
new_equioc,26-05-2008,01:21:36,-122.39217,37.75181
new_equioc,26-05-2008,01:22:48,-122.39881,37.74091
new_equioc,26-05-2008,01:24:12,-122.40187,37.72513
new_equioc,26-05-2008,01:25:26,-122.39425,37.70466
new_equioc,26-05-2008,01:26:23,-122.3903,37.6871
new_equioc,26-05-2008,01:27:14,-122.38993,37.67372
new_equioc,26-05-2008,01:30:58,-122.40141,37.62373
new_equioc,26-05-2008,01:48:52,-122.39965,37.62057
new_equioc,26-05-2008,01:48:59,-122.40028,37.62234
new_equioc,26-05-2008,01:49:29,-122.40084,37.62391
new_equioc,26-05-2008,01:49:55,-122.40274,37.63212
new_equioc,26-05-2008,01:52:12,-122.39377,37.66877
new_equioc,26-05-2008,01:52:48,-122.38894,37.68181
new_equioc,26-05-2008,01:53:38,-122.392,37.69542
new_equioc,26-05-2008,01:54:27,-122.39502,37.70881
new_equioc,26-05-2008,01:55:26,-122.40036,37.72164
new_equioc,26-05-2008,01:56:13,-122.40625,37.73445
new_equioc,26-05-2008,01:57:13,-122.40414,37.74781
new_equioc,26-05-2008,01:58:08,-122.40619,37.76104
new_equioc,26-05-2008,01:59:08,-122.40627,37.77368
new_equioc,26-05-2008,02:00:09,-122.40657,37.77583
new_equioc,26-05-2008,02:01:08,-122.40924,37.78057
new_equioc,26-05-2008,02:02:09,-122.4112,37.7832
new_equioc,26-05-2008,02:03:10,-122.4113,37.78549
new_equioc,26-05-2008,02:04:05,-122.41118,37.78633
new_equioc,26-05-2008,02:04:07,-122.41122,37.78635
new_equioc,26-05-2008,02:04:58,-122.41129,37.78643
new_equioc,26-05-2008,02:05:05,-122.41129,37.78643
new_equioc,26-05-2008,02:05:59,-122.40894,37.78653
new_equioc,26-05-2008,02:07:04,-122.40655,37.7867
new_equioc,26-05-2008,02:07:59,-122.40562,37.78555
new_equioc,26-05-2008,02:09:01,-122.40417,37.78457
new_equioc,26-05-2008,02:09:28,-122.4041,37.78462
new_equioc,26-05-2008,02:09:55,-122.40317,37.78545
new_equioc,26-05-2008,02:09:57,-122.40275,37.78561
new_equioc,26-05-2008,02:09:59,-122.40271,37.78566
new_equioc,26-05-2008,02:11:12,-122.40347,37.7867
new_equioc,26-05-2008,02:12:56,-122.40485,37.79275
new_equioc,26-05-2008,02:13:51,-122.40273,37.79327
new_equioc,26-05-2008,02:14:52,-122.39949,37.79382
new_equioc,26-05-2008,02:15:52,-122.39679,37.79379
new_equioc,26-05-2008,02:15:59,-122.39678,37.79378
new_equioc,26-05-2008,02:16:01,-122.39668,37.79359
new_equioc,26-05-2008,02:17:01,-122.39813,37.7939
new_equioc,26-05-2008,02:18:08,-122.3983,37.79179
new_equioc,26-05-2008,02:19:08,-122.40177,37.78995
new_equioc,26-05-2008,02:20:03,-122.40749,37.78788
new_equioc,26-05-2008,02:21:04,-122.41156,37.78728
new_equioc,26-05-2008,02:21:18,-122.41156,37.78727
new_equioc,26-05-2008,02:21:53,-122.41168,37.78717
new_equioc,26-05-2008,02:22:53,-122.4117,37.78775
new_equioc,26-05-2008,02:23:54,-122.41265,37.79133
new_equioc,26-05-2008,02:25:26,-122.40971,37.79195
new_equioc,26-05-2008,02:25:28,-122.40979,37.79216
new_equioc,26-05-2008,02:26:28,-122.40852,37.79018
new_equioc,26-05-2008,02:28:28,-122.40792,37.7886
new_equioc,26-05-2008,02:29:30,-122.40672,37.78806
new_equioc,26-05-2008,02:30:34,-122.40468,37.78475
new_equioc,26-05-2008,02:31:44,-122.4006,37.78181
new_equioc,26-05-2008,02:32:44,-122.40586,37.77557
new_equioc,26-05-2008,02:33:44,-122.40526,37.76535
new_equioc,26-05-2008,02:34:44,-122.40304,37.75311
new_equioc,26-05-2008,02:36:44,-122.39628,37.74738
new_equioc,26-05-2008,02:37:59,-122.39952,37.74455
new_equioc,26-05-2008,02:38:59,-122.40147,37.74374
new_equioc,26-05-2008,02:40:00,-122.40148,37.74367
new_equioc,26-05-2008,02:40:46,-122.40142,37.74367
new_equioc,26-05-2008,02:42:58,-122.4013,37.74364
new_equioc,26-05-2008,02:43:49,-122.4013,37.74372
new_equioc,26-05-2008,02:44:52,-122.40136,37.74363
new_equioc,26-05-2008,02:46:36,-122.39806,37.74485
new_equioc,26-05-2008,02:47:20,-122.39609,37.74708
new_equioc,26-05-2008,02:48:20,-122.39718,37.74957
new_equioc,26-05-2008,02:49:35,-122.39341,37.75117
new_equioc,26-05-2008,02:51:25,-122.39537,37.75138
new_equioc,26-05-2008,02:52:21,-122.39534,37.7514
new_equioc,26-05-2008,02:53:34,-122.39531,37.75139
new_equioc,26-05-2008,02:54:31,-122.39536,37.75139
new_equioc,26-05-2008,02:55:27,-122.39521,37.75135
new_equioc,26-05-2008,02:56:36,-122.39523,37.75135
new_equioc,26-05-2008,02:57:26,-122.39518,37.75138
new_equioc,26-05-2008,02:58:36,-122.39522,37.75137
new_equioc,26-05-2008,02:59:22,-122.39525,37.75129
new_equioc,26-05-2008,03:00:22,-122.39522,37.75132
new_equioc,26-05-2008,03:01:24,-122.39517,37.75133
new_equioc,26-05-2008,03:02:41,-122.39515,37.75133
new_equioc,26-05-2008,03:03:28,-122.3953,37.75129
new_equioc,26-05-2008,03:07:43,-122.39389,37.75167
new_equioc,26-05-2008,03:08:36,-122.39391,37.75166
new_equioc,26-05-2008,03:09:25,-122.3939,37.75166
new_equioc,26-05-2008,03:10:47,-122.39389,37.75166
new_equioc,26-05-2008,03:11:52,-122.39389,37.75165
new_equioc,26-05-2008,03:12:47,-122.39391,37.75168
new_equioc,26-05-2008,03:13:47,-122.39387,37.75168
new_equioc,26-05-2008,03:14:32,-122.39385,37.75167
new_equioc,26-05-2008,03:15:24,-122.39385,37.75167
new_equioc,26-05-2008,03:16:24,-122.3939,37.75164
new_equioc,26-05-2008,03:16:37,-122.3939,37.75164
new_equioc,26-05-2008,03:17:34,-122.39386,37.75164
new_equioc,26-05-2008,03:18:38,-122.39385,37.75161
new_equioc,26-05-2008,03:19:34,-122.39387,37.75166
new_equioc,26-05-2008,03:19:59,-122.39394,37.75165
new_equioc,26-05-2008,03:21:10,-122.39386,37.75167
new_equioc,26-05-2008,03:24:20,-122.39384,37.75168
new_equioc,26-05-2008,03:27:17,-122.39385,37.75168
new_equioc,26-05-2008,03:27:36,-122.39385,37.75168
new_equioc,26-05-2008,03:29:25,-122.3939,37.75162
new_equioc,26-05-2008,03:30:25,-122.39392,37.75162
new_equioc,26-05-2008,03:32:57,-122.39389,37.75149
new_equioc,26-05-2008,03:33:55,-122.3939,37.75167
new_equioc,26-05-2008,03:34:50,-122.39388,37.7517
new_equioc,26-05-2008,03:39:03,-122.39391,37.75164
new_equioc,26-05-2008,03:41:26,-122.39391,37.75166
new_equioc,26-05-2008,03:42:08,-122.3939,37.75166
new_equioc,26-05-2008,03:43:03,-122.39389,37.75168
new_equioc,26-05-2008,03:44:03,-122.3939,37.75167
new_equioc,26-05-2008,03:45:11,-122.39393,37.75164
new_equioc,26-05-2008,03:46:11,-122.39389,37.75164
new_equioc,26-05-2008,03:47:08,-122.39388,37.75166
new_equioc,26-05-2008,03:50:06,-122.39388,37.75165
new_equioc,26-05-2008,03:50:19,-122.39388,37.75165
new_equioc,26-05-2008,03:51:17,-122.3939,37.75167
new_equioc,26-05-2008,03:52:31,-122.39391,37.75163
new_equioc,26-05-2008,03:54:09,-122.39388,37.75168
new_equioc,26-05-2008,03:54:23,-122.39388,37.75168
new_equioc,26-05-2008,03:55:14,-122.39391,37.75165
new_equioc,26-05-2008,03:55:42,-122.39391,37.75165
new_equioc,26-05-2008,03:56:19,-122.3939,37.75166
new_equioc,26-05-2008,03:57:15,-122.39389,37.75165
new_equioc,26-05-2008,03:58:19,-122.39389,37.75166
new_equioc,26-05-2008,03:59:26,-122.39388,37.75168
new_equioc,26-05-2008,04:01:09,-122.39388,37.75169
new_equioc,26-05-2008,04:01:37,-122.39388,37.75167
new_equioc,26-05-2008,04:01:56,-122.39388,37.75167
new_equioc,26-05-2008,04:03:47,-122.39387,37.7517
new_equioc,26-05-2008,04:05:56,-122.39389,37.7517
new_equioc,26-05-2008,04:06:33,-122.39389,37.7517
new_equioc,26-05-2008,04:07:06,-122.3939,37.75168
new_equioc,26-05-2008,08:03:41,-122.39388,37.75164
new_equioc,26-05-2008,08:08:57,-122.39388,37.75163
new_equioc,26-05-2008,08:10:20,-122.39389,37.75163
new_equioc,26-05-2008,08:11:21,-122.39355,37.75144
new_equioc,26-05-2008,08:12:21,-122.39351,37.75145
new_equioc,26-05-2008,08:13:33,-122.39352,37.75147
new_equioc,26-05-2008,08:14:22,-122.39352,37.75147
new_equioc,26-05-2008,08:15:22,-122.39351,37.75146
new_equioc,26-05-2008,08:16:22,-122.39369,37.75167
new_equioc,26-05-2008,08:17:22,-122.39369,37.75168
new_equioc,26-05-2008,08:18:22,-122.3937,37.75168
new_equioc,26-05-2008,08:19:22,-122.39371,37.75169
new_equioc,26-05-2008,08:20:27,-122.39487,37.75134
new_equioc,26-05-2008,08:21:29,-122.39517,37.74977
new_equioc,26-05-2008,08:22:30,-122.39056,37.75098
new_equioc,26-05-2008,08:23:24,-122.39221,37.7589
new_equioc,26-05-2008,08:24:24,-122.3974,37.77094
new_equioc,26-05-2008,08:25:29,-122.39862,37.77639
new_equioc,26-05-2008,08:26:25,-122.39543,37.77663
new_equioc,26-05-2008,08:27:26,-122.39541,37.77664
new_equioc,26-05-2008,08:28:26,-122.39548,37.77669
new_equioc,26-05-2008,08:29:27,-122.3955,37.77669
new_equioc,26-05-2008,08:30:27,-122.39545,37.77664
new_equioc,26-05-2008,08:31:28,-122.39544,37.77664
new_equioc,26-05-2008,08:32:34,-122.39229,37.77918
new_equioc,26-05-2008,08:33:09,-122.39159,37.78142
new_equioc,26-05-2008,08:34:09,-122.39342,37.78287
new_equioc,26-05-2008,08:35:15,-122.38883,37.7868
new_equioc,26-05-2008,08:36:10,-122.38891,37.78838
new_equioc,26-05-2008,08:37:14,-122.38887,37.78839
new_equioc,26-05-2008,08:38:10,-122.38896,37.78854
new_equioc,26-05-2008,08:39:10,-122.38896,37.78849
new_equioc,26-05-2008,08:40:10,-122.38895,37.78845
new_equioc,26-05-2008,08:40:58,-122.38889,37.78846
new_equioc,26-05-2008,08:41:29,-122.39018,37.78831
new_equioc,26-05-2008,08:41:36,-122.39018,37.78831
new_equioc,26-05-2008,08:41:47,-122.3902,37.78832
new_equioc,26-05-2008,08:42:39,-122.39513,37.7845
new_equioc,26-05-2008,08:43:21,-122.39601,37.78358
new_equioc,26-05-2008,08:44:21,-122.39996,37.78061
new_equioc,26-05-2008,08:45:21,-122.40314,37.77805
new_equioc,26-05-2008,08:46:22,-122.40543,37.7763
new_equioc,26-05-2008,08:47:21,-122.4088,37.77354
new_equioc,26-05-2008,08:48:21,-122.41164,37.77388
new_equioc,26-05-2008,08:49:22,-122.41626,37.77747
new_equioc,26-05-2008,08:50:22,-122.41904,37.77552
new_equioc,26-05-2008,08:51:23,-122.4201,37.77408
new_equioc,26-05-2008,08:52:23,-122.42398,37.77291
new_equioc,26-05-2008,08:53:24,-122.42916,37.77227
new_equioc,26-05-2008,08:54:24,-122.43521,37.7715
new_equioc,26-05-2008,08:55:25,-122.44281,37.77053
new_equioc,26-05-2008,08:56:25,-122.44741,37.76995
new_equioc,26-05-2008,08:57:25,-122.44967,37.77063
new_equioc,26-05-2008,08:57:51,-122.44968,37.77063
new_equioc,26-05-2008,08:58:30,-122.44969,37.77062
new_equioc,26-05-2008,08:58:32,-122.44969,37.77062
new_equioc,26-05-2008,08:59:15,-122.44968,37.77063
new_equioc,26-05-2008,08:59:34,-122.45032,37.77053
new_equioc,26-05-2008,08:59:45,-122.45038,37.77028
new_equioc,26-05-2008,09:00:40,-122.45329,37.76919
new_equioc,26-05-2008,09:01:49,-122.45321,37.76726
new_equioc,26-05-2008,09:02:45,-122.45851,37.76622
new_equioc,26-05-2008,09:03:47,-122.46618,37.76597
new_equioc,26-05-2008,09:04:55,-122.47487,37.76554
new_equioc,26-05-2008,09:05:53,-122.47723,37.76542
new_equioc,26-05-2008,09:06:42,-122.4847,37.76384
new_equioc,26-05-2008,09:07:41,-122.48442,37.75963
new_equioc,26-05-2008,09:08:45,-122.48421,37.75722
new_equioc,26-05-2008,09:08:48,-122.48421,37.75722
new_equioc,26-05-2008,09:09:31,-122.48424,37.75724
new_equioc,26-05-2008,09:09:32,-122.48423,37.75724
new_equioc,26-05-2008,09:10:33,-122.48417,37.75606
new_equioc,26-05-2008,09:11:33,-122.48317,37.75761
new_equioc,26-05-2008,09:12:33,-122.48303,37.75541
new_equioc,26-05-2008,09:13:33,-122.47988,37.75403
new_equioc,26-05-2008,09:14:34,-122.47664,37.75417
new_equioc,26-05-2008,09:15:39,-122.47653,37.75694
new_equioc,26-05-2008,09:16:34,-122.47673,37.76038
new_equioc,26-05-2008,09:17:34,-122.47479,37.76551
new_equioc,26-05-2008,09:18:28,-122.46672,37.7658
new_equioc,26-05-2008,09:19:28,-122.46189,37.76606
new_equioc,26-05-2008,09:20:28,-122.45507,37.76608
new_equioc,26-05-2008,09:21:02,-122.45314,37.7664
new_equioc,26-05-2008,09:21:32,-122.4509,37.76661
new_equioc,26-05-2008,09:21:39,-122.45069,37.76664
new_equioc,26-05-2008,09:21:45,-122.4503,37.7667
new_equioc,26-05-2008,09:22:40,-122.4494,37.76287
new_equioc,26-05-2008,09:23:45,-122.44577,37.76184
new_equioc,26-05-2008,09:24:45,-122.43857,37.76228
new_equioc,26-05-2008,09:25:41,-122.43536,37.76251
new_equioc,26-05-2008,09:26:41,-122.43088,37.76274
new_equioc,26-05-2008,09:27:41,-122.42832,37.76041
new_equioc,26-05-2008,09:28:41,-122.42791,37.75623
new_equioc,26-05-2008,09:29:41,-122.42753,37.75196
new_equioc,26-05-2008,09:30:46,-122.42754,37.75198
new_equioc,26-05-2008,09:31:02,-122.42753,37.75197
new_equioc,26-05-2008,09:32:02,-122.4303,37.75156
new_equioc,26-05-2008,09:33:02,-122.43419,37.75221
new_equioc,26-05-2008,09:34:02,-122.43459,37.75647
new_equioc,26-05-2008,09:35:02,-122.43497,37.76076
new_equioc,26-05-2008,09:36:07,-122.43475,37.76284
new_equioc,26-05-2008,09:37:02,-122.43113,37.76564
new_equioc,26-05-2008,09:37:40,-122.42788,37.76824
new_equioc,26-05-2008,09:38:08,-122.42635,37.76947
new_equioc,26-05-2008,09:39:03,-122.42543,37.77245
new_equioc,26-05-2008,09:40:03,-122.43048,37.77232
new_equioc,26-05-2008,09:40:53,-122.43081,37.77337
new_equioc,26-05-2008,09:41:31,-122.431,37.77491
new_equioc,26-05-2008,09:41:43,-122.43101,37.77498
new_equioc,26-05-2008,09:41:44,-122.43118,37.77578
new_equioc,26-05-2008,09:42:44,-122.43215,37.78062
new_equioc,26-05-2008,09:43:44,-122.43291,37.78401
new_equioc,26-05-2008,09:44:44,-122.43795,37.78378
new_equioc,26-05-2008,09:45:44,-122.44989,37.78217
new_equioc,26-05-2008,09:46:45,-122.45614,37.78147
new_equioc,26-05-2008,09:47:44,-122.45787,37.78313
new_equioc,26-05-2008,09:48:24,-122.45787,37.78313
new_equioc,26-05-2008,09:48:26,-122.45786,37.78313
new_equioc,26-05-2008,09:49:27,-122.45803,37.78575
new_equioc,26-05-2008,09:50:27,-122.45124,37.78666
new_equioc,26-05-2008,09:51:19,-122.44697,37.78724
new_equioc,26-05-2008,09:51:55,-122.44382,37.78762
new_equioc,26-05-2008,09:52:40,-122.43895,37.78818
new_equioc,26-05-2008,09:52:52,-122.43874,37.78785
new_equioc,26-05-2008,09:52:54,-122.43864,37.7866
new_equioc,26-05-2008,09:53:54,-122.43187,37.78722
new_equioc,26-05-2008,09:54:54,-122.42285,37.78837
new_equioc,26-05-2008,09:55:54,-122.41845,37.78893
new_equioc,26-05-2008,09:56:54,-122.41228,37.78968
new_equioc,26-05-2008,09:57:56,-122.40867,37.78919
new_equioc,26-05-2008,09:58:03,-122.40858,37.78899
new_equioc,26-05-2008,09:59:03,-122.40681,37.78821
new_equioc,26-05-2008,10:00:08,-122.40414,37.7842
new_equioc,26-05-2008,10:01:08,-122.40438,37.78151
new_equioc,26-05-2008,10:02:04,-122.40208,37.77919
new_equioc,26-05-2008,10:03:04,-122.4005,37.77794
new_equioc,26-05-2008,10:04:04,-122.39733,37.77537
new_equioc,26-05-2008,10:04:41,-122.39547,37.77661
new_equioc,26-05-2008,10:05:41,-122.39541,37.77675
new_equioc,26-05-2008,10:06:41,-122.39548,37.77684
new_equioc,26-05-2008,10:07:41,-122.39545,37.77685
new_equioc,26-05-2008,10:08:42,-122.3954,37.77667
new_equioc,26-05-2008,10:09:43,-122.39543,37.77666
new_equioc,26-05-2008,10:10:53,-122.39539,37.77667
new_equioc,26-05-2008,10:11:52,-122.39553,37.77667
new_equioc,26-05-2008,10:12:45,-122.39539,37.77663
new_equioc,26-05-2008,10:13:45,-122.39536,37.7766
new_equioc,26-05-2008,10:14:45,-122.39541,37.77662
new_equioc,26-05-2008,10:15:48,-122.39542,37.77662
new_equioc,26-05-2008,10:16:45,-122.39543,37.77662
new_equioc,26-05-2008,10:17:47,-122.3954,37.77662
new_equioc,26-05-2008,10:18:48,-122.3954,37.77661
new_equioc,26-05-2008,10:19:43,-122.39539,37.77665
new_equioc,26-05-2008,10:20:19,-122.39452,37.77659
new_equioc,26-05-2008,10:20:21,-122.39438,37.77646
new_equioc,26-05-2008,10:20:23,-122.39437,37.77644
new_equioc,26-05-2008,10:21:23,-122.39801,37.77161
new_equioc,26-05-2008,10:22:18,-122.39242,37.75878
new_equioc,26-05-2008,10:23:10,-122.39521,37.74482
new_equioc,26-05-2008,10:24:07,-122.40507,37.73381
new_equioc,26-05-2008,10:24:57,-122.40022,37.721
new_equioc,26-05-2008,10:25:35,-122.39501,37.70827
new_equioc,26-05-2008,10:27:03,-122.39014,37.68647
new_equioc,26-05-2008,10:27:53,-122.39064,37.67251
new_equioc,26-05-2008,10:28:34,-122.40133,37.66242
new_equioc,26-05-2008,10:30:54,-122.40108,37.6228
new_equioc,26-05-2008,10:31:59,-122.3923,37.61424
new_equioc,26-05-2008,10:32:33,-122.38963,37.61477
new_equioc,26-05-2008,10:33:21,-122.38954,37.61486
new_equioc,26-05-2008,10:33:23,-122.38956,37.61486
new_equioc,26-05-2008,10:34:24,-122.39027,37.61608
new_equioc,26-05-2008,10:35:37,-122.39876,37.6189
new_equioc,26-05-2008,10:36:16,-122.40224,37.63211
new_equioc,26-05-2008,10:38:44,-122.39334,37.669
new_equioc,26-05-2008,10:39:29,-122.38883,37.68187
new_equioc,26-05-2008,10:40:17,-122.39188,37.69542
new_equioc,26-05-2008,10:40:32,-122.39188,37.69542
new_equioc,26-05-2008,10:41:06,-122.39483,37.70852
new_equioc,26-05-2008,10:41:52,-122.40012,37.72141
new_equioc,26-05-2008,10:42:39,-122.40504,37.73428
new_equioc,26-05-2008,10:43:27,-122.39491,37.74491
new_equioc,26-05-2008,10:43:41,-122.39491,37.74491
new_equioc,26-05-2008,10:44:21,-122.39219,37.75848
new_equioc,26-05-2008,10:45:09,-122.39742,37.77122
new_equioc,26-05-2008,10:46:11,-122.39738,37.7754
new_equioc,26-05-2008,10:47:08,-122.39547,37.77659
new_equioc,26-05-2008,10:48:08,-122.39545,37.77659
new_equioc,26-05-2008,10:49:08,-122.39543,37.77662
new_equioc,26-05-2008,10:50:06,-122.3954,37.77664
new_equioc,26-05-2008,10:50:39,-122.39431,37.77762
new_equioc,26-05-2008,10:50:54,-122.3934,37.77835
new_equioc,26-05-2008,10:50:56,-122.39282,37.77874
new_equioc,26-05-2008,10:51:55,-122.39574,37.7813
new_equioc,26-05-2008,10:52:55,-122.40009,37.78486
new_equioc,26-05-2008,10:53:55,-122.40344,37.78713
new_equioc,26-05-2008,10:54:44,-122.40362,37.78697
new_equioc,26-05-2008,10:54:45,-122.40363,37.78697
new_equioc,26-05-2008,10:55:45,-122.39976,37.78666
new_equioc,26-05-2008,10:56:45,-122.40252,37.78339
new_equioc,26-05-2008,10:57:46,-122.40133,37.78217
new_equioc,26-05-2008,10:58:47,-122.39913,37.78032
new_equioc,26-05-2008,10:59:30,-122.39845,37.77979
new_equioc,26-05-2008,11:00:24,-122.39552,37.77656
new_equioc,26-05-2008,11:01:25,-122.39552,37.77655
new_equioc,26-05-2008,11:02:34,-122.39553,37.77654
new_equioc,26-05-2008,11:03:26,-122.39549,37.77661
new_equioc,26-05-2008,11:04:31,-122.39549,37.77664
new_equioc,26-05-2008,11:05:26,-122.39551,37.77671
new_equioc,26-05-2008,11:06:29,-122.3955,37.77663
new_equioc,26-05-2008,11:07:27,-122.39548,37.77663
new_equioc,26-05-2008,11:08:38,-122.39545,37.77663
new_equioc,26-05-2008,11:09:28,-122.39547,37.77666
new_equioc,26-05-2008,11:10:28,-122.39549,37.77668
new_equioc,26-05-2008,11:11:28,-122.39553,37.77676
new_equioc,26-05-2008,11:12:28,-122.39547,37.77665
new_equioc,26-05-2008,11:13:28,-122.39547,37.77667
new_equioc,26-05-2008,11:14:28,-122.39544,37.77658
new_equioc,26-05-2008,11:15:29,-122.39545,37.77653
new_equioc,26-05-2008,11:16:29,-122.39546,37.77657
new_equioc,26-05-2008,11:17:30,-122.39549,37.77671
new_equioc,26-05-2008,11:18:30,-122.39548,37.77675
new_equioc,26-05-2008,11:19:31,-122.39548,37.77675
new_equioc,26-05-2008,11:20:41,-122.39549,37.77672
new_equioc,26-05-2008,11:21:35,-122.3955,37.77667
new_equioc,26-05-2008,11:22:00,-122.39552,37.77669
new_equioc,26-05-2008,11:23:00,-122.39552,37.77672
new_equioc,26-05-2008,11:24:00,-122.39549,37.77671
new_equioc,26-05-2008,11:25:10,-122.39554,37.77681
new_equioc,26-05-2008,11:25:51,-122.39548,37.77669
new_equioc,26-05-2008,11:26:40,-122.3955,37.77671
new_equioc,26-05-2008,11:27:46,-122.39541,37.77664
new_equioc,26-05-2008,11:28:45,-122.39542,37.77665
new_equioc,26-05-2008,11:29:45,-122.39541,37.77665
new_equioc,26-05-2008,11:30:47,-122.3954,37.77665
new_equioc,26-05-2008,11:31:42,-122.3954,37.77665
new_equioc,26-05-2008,11:32:42,-122.39546,37.77666
new_equioc,26-05-2008,11:33:43,-122.39539,37.77653
new_equioc,26-05-2008,11:34:42,-122.39539,37.77663
new_equioc,26-05-2008,11:35:37,-122.39543,37.77667
new_equioc,26-05-2008,11:36:37,-122.3954,37.77657
new_equioc,26-05-2008,11:37:37,-122.39542,37.77661
new_equioc,26-05-2008,11:38:37,-122.39542,37.77673
new_equioc,26-05-2008,11:39:37,-122.39539,37.77667
new_equioc,26-05-2008,11:40:38,-122.39542,37.7767
new_equioc,26-05-2008,11:41:39,-122.39544,37.77676
new_equioc,26-05-2008,11:42:39,-122.3954,37.7766
new_equioc,26-05-2008,11:43:15,-122.3954,37.77661
new_equioc,26-05-2008,11:44:16,-122.39539,37.77665
new_equioc,26-05-2008,11:45:10,-122.39539,37.7766
new_equioc,26-05-2008,11:46:12,-122.39538,37.77662
new_equioc,26-05-2008,11:47:11,-122.39539,37.77663
new_equioc,26-05-2008,11:48:11,-122.39532,37.77651
new_equioc,26-05-2008,11:49:11,-122.39536,37.77654
new_equioc,26-05-2008,11:50:12,-122.39536,37.77656
new_equioc,26-05-2008,11:51:11,-122.39536,37.77656
new_equioc,26-05-2008,11:52:12,-122.39539,37.77662
new_equioc,26-05-2008,11:53:16,-122.39534,37.77659
new_equioc,26-05-2008,11:54:19,-122.39534,37.77656
new_equioc,26-05-2008,11:55:13,-122.39539,37.77663
new_equioc,26-05-2008,11:56:15,-122.39538,37.77666
new_equioc,26-05-2008,11:57:15,-122.39602,37.77633
new_equioc,26-05-2008,11:58:16,-122.40021,37.77765
new_equioc,26-05-2008,11:59:18,-122.40357,37.78041
new_equioc,26-05-2008,12:00:21,-122.40716,37.78337
new_equioc,26-05-2008,12:00:49,-122.40806,37.784
new_equioc,26-05-2008,12:01:49,-122.40909,37.78502
new_equioc,26-05-2008,12:02:49,-122.41499,37.78453
new_equioc,26-05-2008,12:03:22,-122.41544,37.78453
new_equioc,26-05-2008,12:04:23,-122.41542,37.78449
new_equioc,26-05-2008,12:05:34,-122.41544,37.78457
new_equioc,26-05-2008,12:06:12,-122.4155,37.78482
new_equioc,26-05-2008,12:07:23,-122.41544,37.78455
new_equioc,26-05-2008,12:08:07,-122.41544,37.78452
new_equioc,26-05-2008,12:09:07,-122.41543,37.78456
new_equioc,26-05-2008,12:10:07,-122.41543,37.78446
new_equioc,26-05-2008,12:11:13,-122.41543,37.78448
new_equioc,26-05-2008,12:12:09,-122.41544,37.78449
new_equioc,26-05-2008,12:13:09,-122.41545,37.78449
new_equioc,26-05-2008,12:14:09,-122.41546,37.7845
new_equioc,26-05-2008,12:15:09,-122.41544,37.78446
new_equioc,26-05-2008,12:15:51,-122.41545,37.78454
new_equioc,26-05-2008,12:16:43,-122.41545,37.7846
new_equioc,26-05-2008,12:17:46,-122.41546,37.78461
new_equioc,26-05-2008,12:18:55,-122.41547,37.78457
new_equioc,26-05-2008,12:20:41,-122.41545,37.78449
new_equioc,26-05-2008,12:21:35,-122.41545,37.78449
new_equioc,26-05-2008,12:22:46,-122.41543,37.7845
new_equioc,26-05-2008,12:23:33,-122.41546,37.78449
new_equioc,26-05-2008,12:24:33,-122.41547,37.78448
new_equioc,26-05-2008,12:25:34,-122.41546,37.78442
new_equioc,26-05-2008,12:26:12,-122.41546,37.78447
new_equioc,26-05-2008,12:26:32,-122.41545,37.78448
new_equioc,26-05-2008,12:27:32,-122.41544,37.78445
new_equioc,26-05-2008,12:29:01,-122.41545,37.78445
new_equioc,26-05-2008,12:29:31,-122.41545,37.78444
new_equioc,26-05-2008,12:30:31,-122.41604,37.78423
new_equioc,26-05-2008,12:31:32,-122.41514,37.78351
new_equioc,26-05-2008,12:32:31,-122.41522,37.7836
new_equioc,26-05-2008,12:33:36,-122.41508,37.78357
new_equioc,26-05-2008,12:34:31,-122.41509,37.78357
new_equioc,26-05-2008,12:35:43,-122.41514,37.78361
new_equioc,26-05-2008,12:36:37,-122.41513,37.7836
new_equioc,26-05-2008,12:37:38,-122.41509,37.78358
new_equioc,26-05-2008,12:38:41,-122.41503,37.78347
new_equioc,26-05-2008,12:39:34,-122.41501,37.78344
new_equioc,26-05-2008,12:40:33,-122.41523,37.78373
new_equioc,26-05-2008,12:40:41,-122.41523,37.78374
new_equioc,26-05-2008,12:41:04,-122.41441,37.78367
new_equioc,26-05-2008,12:41:11,-122.41438,37.78368
new_equioc,26-05-2008,12:42:13,-122.41828,37.78401
new_equioc,26-05-2008,12:43:13,-122.42298,37.78543
new_equioc,26-05-2008,12:44:14,-122.42422,37.79166
new_equioc,26-05-2008,12:46:14,-122.42619,37.80092
new_equioc,26-05-2008,12:47:23,-122.42762,37.80094
new_equioc,26-05-2008,12:48:15,-122.43653,37.7998
new_equioc,26-05-2008,12:49:15,-122.44358,37.79891
new_equioc,26-05-2008,12:50:15,-122.44473,37.79882
new_equioc,26-05-2008,12:51:21,-122.44897,37.79757
new_equioc,26-05-2008,12:52:17,-122.45389,37.80063
new_equioc,26-05-2008,12:53:28,-122.4601,37.80155
new_equioc,26-05-2008,12:54:23,-122.46274,37.80092
new_equioc,26-05-2008,12:55:22,-122.46289,37.80077
new_equioc,26-05-2008,12:56:31,-122.46478,37.79875
new_equioc,26-05-2008,12:57:22,-122.46564,37.7986
new_equioc,26-05-2008,12:57:32,-122.46564,37.79859
new_equioc,26-05-2008,12:58:58,-122.46563,37.79856
new_equioc,26-05-2008,12:59:31,-122.46565,37.79857
new_equioc,26-05-2008,12:59:38,-122.46565,37.79858
new_equioc,26-05-2008,13:00:33,-122.46518,37.79987
new_equioc,26-05-2008,13:01:34,-122.46359,37.8016
new_equioc,26-05-2008,13:02:33,-122.45932,37.79982
new_equioc,26-05-2008,13:04:33,-122.45738,37.8016
new_equioc,26-05-2008,13:05:18,-122.45738,37.8016
new_equioc,26-05-2008,13:06:20,-122.45489,37.801
new_equioc,26-05-2008,13:07:26,-122.4513,37.79761
new_equioc,26-05-2008,13:08:38,-122.44634,37.79857
new_equioc,26-05-2008,13:09:37,-122.44237,37.79898
new_equioc,26-05-2008,13:10:30,-122.44031,37.79651
new_equioc,26-05-2008,13:11:44,-122.43473,37.79717
new_equioc,26-05-2008,13:12:27,-122.43046,37.79768
new_equioc,26-05-2008,13:13:20,-122.43045,37.79768
new_equioc,26-05-2008,13:13:48,-122.42887,37.79791
new_equioc,26-05-2008,13:14:02,-122.42797,37.79803
new_equioc,26-05-2008,13:14:09,-122.4269,37.79816
new_equioc,26-05-2008,13:15:03,-122.42389,37.7978
new_equioc,26-05-2008,13:16:03,-122.42208,37.79589
new_equioc,26-05-2008,13:17:08,-122.41787,37.7962
new_equioc,26-05-2008,13:18:03,-122.4066,37.79787
new_equioc,26-05-2008,13:19:03,-122.40054,37.7961
new_equioc,26-05-2008,13:20:03,-122.3982,37.79506
new_equioc,26-05-2008,13:20:48,-122.39803,37.79669
new_equioc,26-05-2008,13:21:42,-122.39784,37.79708
new_equioc,26-05-2008,13:21:50,-122.39784,37.79708
new_equioc,26-05-2008,13:22:48,-122.39688,37.79615
new_equioc,26-05-2008,13:23:44,-122.4015,37.79565
new_equioc,26-05-2008,13:24:44,-122.40547,37.79654
new_equioc,26-05-2008,13:25:44,-122.40872,37.79917
new_equioc,26-05-2008,13:26:49,-122.40946,37.80186
new_equioc,26-05-2008,13:27:45,-122.41021,37.80554
new_equioc,26-05-2008,13:28:45,-122.41228,37.80749
new_equioc,26-05-2008,13:29:44,-122.41503,37.80831
new_equioc,26-05-2008,13:30:45,-122.42027,37.80771
new_equioc,26-05-2008,13:31:45,-122.41947,37.80665
new_equioc,26-05-2008,13:33:01,-122.4176,37.80602
new_equioc,26-05-2008,13:33:38,-122.41755,37.80606
new_equioc,26-05-2008,13:34:42,-122.41215,37.8065
new_equioc,26-05-2008,13:35:38,-122.41133,37.80219
new_equioc,26-05-2008,13:36:38,-122.4111,37.8002
new_equioc,26-05-2008,13:38:06,-122.41965,37.79918
new_equioc,26-05-2008,13:39:03,-122.42209,37.79728
new_equioc,26-05-2008,13:40:03,-122.42167,37.79522
new_equioc,26-05-2008,13:40:35,-122.42107,37.79251
new_equioc,26-05-2008,13:41:35,-122.421,37.79069
new_equioc,26-05-2008,13:42:44,-122.41752,37.79095
new_equioc,26-05-2008,13:43:45,-122.41702,37.7893
new_equioc,26-05-2008,13:43:47,-122.41693,37.78896
new_equioc,26-05-2008,13:44:05,-122.41677,37.78832
new_equioc,26-05-2008,13:44:06,-122.41674,37.78831
new_equioc,26-05-2008,13:45:07,-122.41635,37.78644
new_equioc,26-05-2008,13:46:07,-122.41561,37.78124
new_equioc,26-05-2008,13:47:17,-122.41466,37.7786
new_equioc,26-05-2008,13:47:20,-122.41462,37.77853
new_equioc,26-05-2008,13:48:20,-122.41269,37.77723
new_equioc,26-05-2008,13:49:22,-122.40808,37.77649
new_equioc,26-05-2008,13:50:26,-122.40228,37.77933
new_equioc,26-05-2008,13:51:21,-122.39943,37.77711
new_equioc,26-05-2008,13:52:24,-122.39655,37.77586
new_equioc,26-05-2008,13:53:21,-122.3957,37.77642
new_equioc,26-05-2008,13:54:28,-122.39561,37.77645
new_equioc,26-05-2008,13:55:26,-122.3956,37.77648
new_equioc,26-05-2008,13:56:24,-122.39561,37.77648
new_equioc,26-05-2008,13:57:24,-122.3956,37.77647
new_equioc,26-05-2008,13:58:30,-122.39558,37.77648
new_equioc,26-05-2008,13:59:25,-122.39559,37.77647
new_equioc,26-05-2008,14:00:30,-122.3956,37.77646
new_equioc,26-05-2008,14:01:29,-122.39563,37.77648
new_equioc,26-05-2008,14:02:27,-122.39564,37.7765
new_equioc,26-05-2008,14:03:27,-122.39545,37.7766
new_equioc,26-05-2008,14:04:28,-122.39543,37.77667
new_equioc,26-05-2008,14:05:34,-122.39542,37.77667
new_equioc,26-05-2008,14:06:29,-122.39541,37.77666
new_equioc,26-05-2008,14:07:29,-122.3954,37.77666
new_equioc,26-05-2008,14:08:31,-122.3954,37.77665
new_equioc,26-05-2008,14:09:30,-122.3954,37.77664
new_equioc,26-05-2008,14:10:30,-122.39541,37.77665
new_equioc,26-05-2008,14:11:30,-122.39541,37.77665
new_equioc,26-05-2008,14:12:32,-122.3954,37.77662
new_equioc,26-05-2008,14:13:31,-122.39541,37.77664
new_equioc,26-05-2008,14:14:31,-122.39541,37.77665
new_equioc,26-05-2008,14:15:33,-122.39543,37.7767
new_equioc,26-05-2008,14:16:32,-122.39544,37.7767
new_equioc,26-05-2008,14:17:33,-122.39543,37.77663
new_equioc,26-05-2008,14:18:33,-122.39542,37.77664
new_equioc,26-05-2008,14:19:34,-122.39537,37.77664
new_equioc,26-05-2008,14:20:34,-122.3954,37.77668
new_equioc,26-05-2008,14:21:35,-122.39542,37.77664
new_equioc,26-05-2008,14:22:35,-122.39543,37.77671
new_equioc,26-05-2008,14:23:36,-122.39544,37.77677
new_equioc,26-05-2008,14:24:36,-122.39543,37.7766
new_equioc,26-05-2008,14:25:37,-122.39542,37.77661
new_equioc,26-05-2008,14:26:37,-122.39543,37.77667
new_equioc,26-05-2008,14:27:38,-122.39543,37.77677
new_equioc,26-05-2008,14:28:38,-122.39539,37.77661
new_equioc,26-05-2008,14:29:39,-122.39544,37.7766
new_equioc,26-05-2008,14:30:32,-122.39547,37.77663
new_equioc,26-05-2008,14:31:01,-122.39411,37.77788
new_equioc,26-05-2008,14:31:08,-122.39345,37.77849
new_equioc,26-05-2008,14:32:03,-122.39141,37.78134
new_equioc,26-05-2008,14:33:03,-122.39342,37.78307
new_equioc,26-05-2008,14:34:10,-122.39654,37.7855
new_equioc,26-05-2008,14:35:06,-122.39959,37.78801
new_equioc,26-05-2008,14:35:29,-122.39945,37.78823
new_equioc,26-05-2008,14:35:35,-122.39947,37.78829
new_equioc,26-05-2008,14:36:40,-122.39879,37.7905
new_equioc,26-05-2008,14:37:30,-122.39825,37.78989
new_equioc,26-05-2008,14:39:01,-122.39079,37.78124
new_equioc,26-05-2008,14:40:02,-122.39423,37.77796
new_equioc,26-05-2008,14:41:02,-122.39563,37.77654
new_equioc,26-05-2008,14:41:23,-122.39564,37.77655
new_equioc,26-05-2008,14:41:58,-122.39707,37.77544
new_equioc,26-05-2008,14:42:10,-122.39711,37.77541
new_equioc,26-05-2008,14:42:59,-122.40357,37.77033
new_equioc,26-05-2008,14:43:59,-122.40883,37.76931
new_equioc,26-05-2008,14:45:00,-122.41089,37.76944
new_equioc,26-05-2008,14:46:02,-122.4149,37.76972
new_equioc,26-05-2008,14:47:05,-122.41928,37.77012
new_equioc,26-05-2008,14:48:00,-122.42439,37.76978
new_equioc,26-05-2008,14:48:50,-122.42854,37.76799
new_equioc,26-05-2008,14:49:52,-122.43098,37.76773
new_equioc,26-05-2008,14:49:54,-122.43098,37.76774
new_equioc,26-05-2008,14:50:54,-122.43117,37.76696
new_equioc,26-05-2008,14:51:59,-122.43039,37.76604
new_equioc,26-05-2008,14:52:54,-122.42615,37.76625
new_equioc,26-05-2008,14:53:54,-122.42236,37.76805
new_equioc,26-05-2008,14:54:54,-122.4226,37.76647
new_equioc,26-05-2008,14:55:54,-122.4227,37.7665
new_equioc,26-05-2008,14:57:23,-122.42278,37.76645
new_equioc,26-05-2008,14:57:29,-122.42453,37.76952
new_equioc,26-05-2008,14:57:36,-122.42444,37.76962
new_equioc,26-05-2008,14:57:52,-122.42446,37.76964
new_equioc,26-05-2008,14:58:45,-122.42108,37.77369
new_equioc,26-05-2008,14:59:44,-122.42104,37.77547
new_equioc,26-05-2008,15:00:39,-122.42226,37.78063
new_equioc,26-05-2008,15:01:39,-122.42046,37.78488
new_equioc,26-05-2008,15:02:41,-122.41506,37.78543
new_equioc,26-05-2008,15:03:49,-122.40975,37.78604
new_equioc,26-05-2008,15:04:04,-122.40964,37.78575
new_equioc,26-05-2008,15:04:09,-122.40963,37.78575
new_equioc,26-05-2008,15:05:05,-122.40775,37.78401
new_equioc,26-05-2008,15:06:08,-122.40322,37.7802
new_equioc,26-05-2008,15:07:05,-122.40056,37.77795
new_equioc,26-05-2008,15:08:16,-122.39871,37.7765
new_equioc,26-05-2008,15:09:07,-122.39546,37.7766
new_equioc,26-05-2008,15:10:06,-122.39549,37.77661
new_equioc,26-05-2008,15:11:07,-122.39429,37.77627
new_equioc,26-05-2008,15:12:07,-122.39433,37.76617
new_equioc,26-05-2008,15:13:07,-122.39158,37.75302
new_equioc,26-05-2008,15:13:51,-122.39874,37.74094
new_equioc,26-05-2008,15:14:57,-122.40287,37.72772
new_equioc,26-05-2008,15:15:37,-122.39805,37.71492
new_equioc,26-05-2008,15:16:29,-122.39368,37.70181
new_equioc,26-05-2008,15:17:33,-122.39037,37.68713
new_equioc,26-05-2008,15:19:30,-122.40544,37.65868
new_equioc,26-05-2008,15:23:57,-122.37925,37.6032
new_equioc,26-05-2008,15:24:57,-122.37715,37.60477
new_equioc,26-05-2008,15:25:48,-122.37915,37.60461
new_equioc,26-05-2008,15:27:03,-122.37914,37.60465
new_equioc,26-05-2008,15:29:03,-122.37914,37.60465
new_equioc,26-05-2008,15:30:05,-122.37915,37.60465
new_equioc,26-05-2008,15:30:59,-122.37756,37.60491
new_equioc,26-05-2008,15:32:00,-122.38396,37.60526
new_equioc,26-05-2008,15:36:27,-122.38615,37.61645
new_equioc,26-05-2008,15:49:27,-122.38814,37.61662
new_equioc,26-05-2008,15:49:28,-122.38836,37.6162
new_equioc,26-05-2008,15:50:26,-122.38836,37.61617
new_equioc,26-05-2008,15:52:15,-122.40585,37.64156
new_equioc,26-05-2008,15:53:08,-122.40678,37.65509
new_equioc,26-05-2008,15:54:05,-122.39639,37.66593
new_equioc,26-05-2008,15:54:36,-122.38832,37.67771
new_equioc,26-05-2008,15:55:31,-122.3912,37.69219
new_equioc,26-05-2008,15:55:47,-122.3912,37.69219
new_equioc,26-05-2008,15:56:28,-122.39423,37.70579
new_equioc,26-05-2008,15:57:12,-122.3995,37.71913
new_equioc,26-05-2008,15:58:07,-122.40476,37.73199
new_equioc,26-05-2008,15:59:01,-122.40472,37.74541
new_equioc,26-05-2008,16:00:01,-122.40513,37.74925
new_equioc,26-05-2008,16:01:01,-122.40997,37.74841
new_equioc,26-05-2008,16:02:02,-122.4181,37.74824
new_equioc,26-05-2008,16:03:01,-122.42435,37.74788
new_equioc,26-05-2008,16:04:12,-122.42788,37.74767
new_equioc,26-05-2008,16:05:11,-122.43286,37.74817
new_equioc,26-05-2008,16:06:07,-122.43477,37.74806
new_equioc,26-05-2008,16:06:13,-122.43482,37.74805
new_equioc,26-05-2008,16:07:10,-122.43437,37.74887
new_equioc,26-05-2008,16:08:09,-122.43411,37.75151
new_equioc,26-05-2008,16:09:09,-122.43443,37.75507
new_equioc,26-05-2008,16:10:09,-122.43483,37.75917
new_equioc,26-05-2008,16:11:14,-122.43498,37.76083
new_equioc,26-05-2008,16:12:09,-122.43428,37.76325
new_equioc,26-05-2008,16:13:09,-122.4311,37.76575
new_equioc,26-05-2008,16:13:46,-122.42944,37.76706
new_equioc,26-05-2008,16:14:47,-122.42875,37.7676
new_equioc,26-05-2008,16:15:57,-122.42591,37.76985
new_equioc,26-05-2008,16:16:48,-122.42085,37.77486
new_equioc,26-05-2008,16:17:48,-122.42155,37.77829
new_equioc,26-05-2008,16:18:50,-122.41909,37.78122
new_equioc,26-05-2008,16:19:53,-122.41951,37.78366
new_equioc,26-05-2008,16:20:49,-122.41999,37.78689
new_equioc,26-05-2008,16:21:40,-122.42024,37.78792
new_equioc,26-05-2008,16:22:03,-122.42033,37.78849
new_equioc,26-05-2008,16:22:07,-122.4202,37.78886
new_equioc,26-05-2008,16:22:15,-122.42019,37.78902
new_equioc,26-05-2008,16:22:35,-122.4208,37.78911
new_equioc,26-05-2008,16:23:42,-122.42222,37.78939
new_equioc,26-05-2008,16:24:42,-122.42158,37.78577
new_equioc,26-05-2008,16:25:35,-122.42106,37.78326
new_equioc,26-05-2008,16:26:35,-122.42176,37.78275
new_equioc,26-05-2008,16:27:41,-122.42803,37.7811
new_equioc,26-05-2008,16:28:40,-122.43355,37.77907
new_equioc,26-05-2008,16:29:58,-122.43301,37.77616
new_equioc,26-05-2008,16:30:10,-122.43286,37.77597
new_equioc,26-05-2008,16:30:11,-122.43286,37.77596
new_equioc,26-05-2008,16:33:11,-122.43118,37.77566
new_equioc,26-05-2008,16:34:16,-122.43183,37.77875
new_equioc,26-05-2008,16:35:12,-122.43268,37.78305
new_equioc,26-05-2008,16:36:12,-122.43301,37.78499
new_equioc,26-05-2008,16:37:12,-122.42883,37.7857
new_equioc,26-05-2008,16:38:19,-122.42516,37.78618
new_equioc,26-05-2008,16:39:13,-122.42032,37.78695
new_equioc,26-05-2008,16:40:14,-122.4204,37.78934
new_equioc,26-05-2008,16:41:14,-122.42121,37.79142
new_equioc,26-05-2008,16:41:46,-122.42109,37.79227
new_equioc,26-05-2008,16:42:08,-122.42102,37.79229
new_equioc,26-05-2008,16:42:12,-122.42102,37.79229
new_equioc,26-05-2008,16:44:13,-122.42202,37.79662
new_equioc,26-05-2008,16:45:13,-122.42311,37.79782
new_equioc,26-05-2008,16:45:28,-122.42317,37.79774
new_equioc,26-05-2008,16:46:28,-122.42259,37.79851
new_equioc,26-05-2008,16:47:28,-122.42428,37.80042
new_equioc,26-05-2008,16:48:28,-122.42779,37.80073
new_equioc,26-05-2008,16:49:28,-122.4322,37.80131
new_equioc,26-05-2008,16:50:28,-122.43701,37.80075
new_equioc,26-05-2008,16:51:28,-122.43898,37.80051
new_equioc,26-05-2008,16:53:34,-122.44108,37.79937
new_equioc,26-05-2008,16:54:39,-122.44045,37.79643
new_equioc,26-05-2008,16:55:33,-122.4352,37.79712
new_equioc,26-05-2008,16:56:32,-122.43102,37.79764
new_equioc,26-05-2008,16:57:32,-122.42756,37.79807
new_equioc,26-05-2008,16:58:43,-122.42591,37.79826
new_equioc,26-05-2008,16:59:34,-122.42435,37.79848
new_equioc,26-05-2008,17:00:25,-122.42309,37.79865
new_equioc,26-05-2008,17:01:17,-122.42308,37.80247
new_equioc,26-05-2008,17:03:43,-122.42373,37.8054
new_equioc,26-05-2008,17:04:18,-122.42092,37.80662
new_equioc,26-05-2008,17:05:21,-122.41843,37.80593
new_equioc,26-05-2008,17:06:19,-122.4166,37.80614
new_equioc,26-05-2008,17:07:19,-122.41639,37.80616
new_equioc,26-05-2008,17:08:30,-122.41634,37.80607
new_equioc,26-05-2008,17:09:26,-122.41637,37.80609
new_equioc,26-05-2008,17:11:26,-122.41036,37.80622
new_equioc,26-05-2008,17:12:34,-122.41357,37.80567
new_equioc,26-05-2008,17:14:26,-122.42445,37.80424
new_equioc,26-05-2008,17:15:17,-122.42786,37.80193
new_equioc,26-05-2008,17:16:18,-122.4328,37.80128
new_equioc,26-05-2008,17:17:17,-122.43713,37.80073
new_equioc,26-05-2008,17:18:17,-122.43916,37.80047
new_equioc,26-05-2008,17:19:17,-122.44104,37.80022
new_equioc,26-05-2008,17:19:46,-122.44197,37.80014
new_equioc,26-05-2008,17:20:16,-122.44268,37.80003
new_equioc,26-05-2008,17:20:18,-122.44277,37.79942
new_equioc,26-05-2008,17:20:19,-122.44273,37.79931
new_equioc,26-05-2008,17:21:21,-122.44269,37.79907
new_equioc,26-05-2008,17:22:20,-122.43641,37.79975
new_equioc,26-05-2008,17:23:20,-122.4331,37.80018
new_equioc,26-05-2008,17:24:25,-122.42689,37.80095
new_equioc,26-05-2008,17:24:44,-122.42447,37.80089
new_equioc,26-05-2008,17:25:44,-122.42351,37.79617
new_equioc,26-05-2008,17:26:49,-122.42286,37.79319
new_equioc,26-05-2008,17:27:45,-122.42035,37.79337
new_equioc,26-05-2008,17:28:44,-122.41775,37.79294
new_equioc,26-05-2008,17:29:42,-122.41389,37.79333
new_equioc,26-05-2008,17:29:43,-122.4139,37.79333
new_equioc,26-05-2008,17:30:44,-122.41023,37.79373
new_equioc,26-05-2008,17:31:44,-122.4083,37.79404
new_equioc,26-05-2008,17:32:45,-122.40763,37.79278
new_equioc,26-05-2008,17:33:45,-122.40959,37.78901
new_equioc,26-05-2008,17:34:46,-122.41503,37.78842
new_equioc,26-05-2008,17:35:48,-122.42009,37.7877
new_equioc,26-05-2008,17:36:48,-122.41602,37.78734
new_equioc,26-05-2008,17:37:48,-122.41033,37.78808
new_equioc,26-05-2008,17:38:49,-122.40949,37.78493
new_equioc,26-05-2008,17:39:49,-122.40842,37.7843
new_equioc,26-05-2008,17:40:50,-122.40447,37.78106
new_equioc,26-05-2008,17:41:33,-122.40146,37.77869
new_equioc,26-05-2008,17:42:51,-122.39624,37.77611
new_equioc,26-05-2008,17:43:46,-122.39442,37.77656
new_equioc,26-05-2008,17:44:46,-122.39556,37.77389
new_equioc,26-05-2008,17:45:47,-122.39729,37.77263
new_equioc,26-05-2008,17:46:46,-122.39728,37.77262
new_equioc,26-05-2008,17:48:11,-122.39732,37.77266
new_equioc,26-05-2008,17:48:13,-122.39586,37.7738
new_equioc,26-05-2008,17:48:15,-122.39563,37.77371
new_equioc,26-05-2008,17:48:26,-122.39562,37.7737
new_equioc,26-05-2008,17:49:16,-122.39645,37.77458
new_equioc,26-05-2008,17:50:16,-122.39281,37.76315
new_equioc,26-05-2008,17:51:12,-122.39248,37.74961
new_equioc,26-05-2008,17:51:53,-122.40129,37.73817
new_equioc,26-05-2008,17:52:52,-122.40172,37.72485
new_equioc,26-05-2008,17:53:39,-122.39621,37.71217
new_equioc,26-05-2008,17:54:22,-122.39303,37.6991
new_equioc,26-05-2008,17:55:19,-122.39007,37.68595
new_equioc,26-05-2008,18:01:53,-122.38972,37.61454
new_equioc,26-05-2008,18:02:21,-122.38971,37.61449
new_equioc,26-05-2008,18:02:28,-122.38975,37.6145
new_equioc,26-05-2008,18:03:32,-122.39098,37.61615
new_equioc,26-05-2008,18:04:33,-122.3993,37.62044
new_equioc,26-05-2008,18:07:57,-122.39359,37.66874
new_equioc,26-05-2008,18:08:47,-122.38887,37.682
new_equioc,26-05-2008,18:09:38,-122.39188,37.69534
new_equioc,26-05-2008,18:10:25,-122.39479,37.70842
new_equioc,26-05-2008,18:11:09,-122.39988,37.72104
new_equioc,26-05-2008,18:11:59,-122.40563,37.73397
new_equioc,26-05-2008,18:12:50,-122.3949,37.74476
new_equioc,26-05-2008,18:13:48,-122.39218,37.75806
new_equioc,26-05-2008,18:14:34,-122.39727,37.76978
new_equioc,26-05-2008,18:15:35,-122.39909,37.77627
new_equioc,26-05-2008,18:16:40,-122.39528,37.77697
new_equioc,26-05-2008,18:17:48,-122.39553,37.77656
new_equioc,26-05-2008,18:18:40,-122.39544,37.77654
new_equioc,26-05-2008,18:18:58,-122.39539,37.77656
new_equioc,26-05-2008,18:19:59,-122.39546,37.77664
new_equioc,26-05-2008,18:20:59,-122.39546,37.77661
new_equioc,26-05-2008,18:22:02,-122.39536,37.77662
new_equioc,26-05-2008,18:23:01,-122.39539,37.77658
new_equioc,26-05-2008,18:24:00,-122.39537,37.77664
new_equioc,26-05-2008,18:25:05,-122.39535,37.77671
new_equioc,26-05-2008,18:25:50,-122.39538,37.77665
new_equioc,26-05-2008,18:26:11,-122.39565,37.77659
new_equioc,26-05-2008,18:26:13,-122.39579,37.77649
new_equioc,26-05-2008,18:26:19,-122.39593,37.77637
new_equioc,26-05-2008,18:27:21,-122.401,37.77239
new_equioc,26-05-2008,18:28:17,-122.40631,37.7695
new_equioc,26-05-2008,18:29:21,-122.40892,37.76925
new_equioc,26-05-2008,18:29:50,-122.41038,37.76959
new_equioc,26-05-2008,18:30:49,-122.41381,37.7698
new_equioc,26-05-2008,18:31:59,-122.41697,37.76996
new_equioc,26-05-2008,18:33:04,-122.42354,37.76986
new_equioc,26-05-2008,18:33:55,-122.42401,37.76981
new_equioc,26-05-2008,18:34:56,-122.42785,37.77056
new_equioc,26-05-2008,18:35:52,-122.42899,37.77403
new_equioc,26-05-2008,18:36:51,-122.43092,37.7749
new_equioc,26-05-2008,18:37:51,-122.43708,37.77416
new_equioc,26-05-2008,18:38:52,-122.43787,37.77571
new_equioc,26-05-2008,18:39:51,-122.43921,37.78239
new_equioc,26-05-2008,18:40:52,-122.44015,37.78644
new_equioc,26-05-2008,18:41:50,-122.44066,37.78872
new_equioc,26-05-2008,18:42:45,-122.44089,37.79041
new_equioc,26-05-2008,18:43:29,-122.4409,37.79041
new_equioc,26-05-2008,18:44:29,-122.43937,37.7912
new_equioc,26-05-2008,18:45:32,-122.4399,37.79398
new_equioc,26-05-2008,18:46:31,-122.44008,37.79647
new_equioc,26-05-2008,18:47:32,-122.43567,37.79704
new_equioc,26-05-2008,18:48:32,-122.43259,37.79745
new_equioc,26-05-2008,18:48:55,-122.43235,37.79754
new_equioc,26-05-2008,18:49:19,-122.43141,37.79764
new_equioc,26-05-2008,18:49:28,-122.43107,37.79767
new_equioc,26-05-2008,18:50:21,-122.43023,37.79493
new_equioc,26-05-2008,18:51:21,-122.42928,37.79088
new_equioc,26-05-2008,18:52:31,-122.4317,37.78923
new_equioc,26-05-2008,18:53:26,-122.43595,37.78878
new_equioc,26-05-2008,18:54:21,-122.44035,37.78816
new_equioc,26-05-2008,18:55:21,-122.44642,37.78739
new_equioc,26-05-2008,18:55:59,-122.44648,37.78737
new_equioc,26-05-2008,18:56:59,-122.44547,37.7877
new_equioc,26-05-2008,18:58:09,-122.44376,37.78738
new_equioc,26-05-2008,18:59:02,-122.44344,37.7859
new_equioc,26-05-2008,19:00:00,-122.43957,37.78621
new_equioc,26-05-2008,19:01:10,-122.43194,37.78715
new_equioc,26-05-2008,19:02:01,-122.42557,37.78799
new_equioc,26-05-2008,19:03:00,-122.42478,37.78569
new_equioc,26-05-2008,19:04:00,-122.42382,37.78115
new_equioc,26-05-2008,19:05:00,-122.42191,37.77607
new_equioc,26-05-2008,19:05:20,-122.42071,37.77624
new_equioc,26-05-2008,19:06:21,-122.41902,37.77642
new_equioc,26-05-2008,19:07:27,-122.41191,37.7721
new_equioc,26-05-2008,19:08:21,-122.40415,37.77473
new_equioc,26-05-2008,19:09:09,-122.40119,37.77491
new_equioc,26-05-2008,19:10:09,-122.39458,37.76629
new_equioc,26-05-2008,19:11:19,-122.39253,37.75335
new_equioc,26-05-2008,19:12:10,-122.38829,37.75541
new_equioc,26-05-2008,19:13:10,-122.3919,37.75516
new_equioc,26-05-2008,19:14:15,-122.39265,37.75011
new_equioc,26-05-2008,19:16:21,-122.3953,37.75163
new_equioc,26-05-2008,19:17:12,-122.39532,37.75156
new_equioc,26-05-2008,19:17:49,-122.39532,37.75156
new_equioc,26-05-2008,19:18:11,-122.39532,37.75157
new_equioc,26-05-2008,19:19:11,-122.39531,37.75158
new_equioc,26-05-2008,19:21:11,-122.39539,37.75137
new_equioc,26-05-2008,19:24:19,-122.39536,37.7514
new_equioc,26-05-2008,19:25:18,-122.39397,37.7514
new_equioc,26-05-2008,19:26:24,-122.3939,37.75167
new_equioc,26-05-2008,19:27:19,-122.39387,37.75165
new_equioc,26-05-2008,19:29:19,-122.39387,37.75164
new_equioc,26-05-2008,19:30:24,-122.39387,37.75165
new_equioc,26-05-2008,19:31:29,-122.39388,37.75165
new_equioc,26-05-2008,19:32:18,-122.39388,37.75165
new_equioc,26-05-2008,19:33:18,-122.39387,37.75164
new_equioc,26-05-2008,19:33:33,-122.39387,37.75164
new_equioc,26-05-2008,19:34:05,-122.39388,37.75165
new_equioc,26-05-2008,19:34:50,-122.39389,37.75165
new_equioc,26-05-2008,19:35:51,-122.39389,37.75165
new_equioc,26-05-2008,19:36:53,-122.39385,37.75165
new_equioc,26-05-2008,19:37:18,-122.39385,37.75165
new_equioc,26-05-2008,19:37:53,-122.39387,37.75167
new_equioc,26-05-2008,19:38:58,-122.39387,37.75168
new_equioc,26-05-2008,19:39:53,-122.39387,37.75165
new_equioc,26-05-2008,19:40:53,-122.39386,37.75163
new_equioc,26-05-2008,19:41:12,-122.39386,37.75163
new_equioc,26-05-2008,19:41:58,-122.39389,37.75164
new_equioc,26-05-2008,19:43:00,-122.39389,37.75164
new_equioc,26-05-2008,19:43:54,-122.39389,37.75163
new_equioc,26-05-2008,19:44:55,-122.39389,37.75162
new_equioc,26-05-2008,19:45:55,-122.39386,37.75162
new_equioc,26-05-2008,19:47:06,-122.39387,37.75163
new_equioc,26-05-2008,19:47:55,-122.39388,37.75164
new_equioc,26-05-2008,19:48:11,-122.39388,37.75164
new_equioc,26-05-2008,19:48:55,-122.39392,37.75165
new_equioc,26-05-2008,19:50:16,-122.39391,37.75165
new_equioc,26-05-2008,19:50:56,-122.39391,37.75166
new_equioc,26-05-2008,19:51:13,-122.39391,37.75166
new_equioc,26-05-2008,19:51:56,-122.39389,37.75166
new_equioc,26-05-2008,19:53:30,-122.39389,37.75166
new_equioc,26-05-2008,19:54:21,-122.39389,37.75166
new_equioc,26-05-2008,19:54:39,-122.39389,37.75166
new_equioc,26-05-2008,19:55:21,-122.39389,37.75165
new_equioc,26-05-2008,19:56:21,-122.39389,37.75165
new_equioc,26-05-2008,19:57:21,-122.3939,37.75165
new_equioc,26-05-2008,19:58:26,-122.39389,37.75164
new_equioc,26-05-2008,19:59:31,-122.39388,37.75163
new_equioc,26-05-2008,20:00:21,-122.39388,37.75163
new_equioc,26-05-2008,20:02:22,-122.39389,37.75165
new_equioc,26-05-2008,20:03:04,-122.39388,37.75166
new_equioc,26-05-2008,20:04:09,-122.39389,37.75166
new_equioc,26-05-2008,20:05:15,-122.39389,37.75167
new_equioc,26-05-2008,20:06:06,-122.39388,37.75166
new_equioc,26-05-2008,20:07:15,-122.39388,37.75165
new_equioc,26-05-2008,20:08:05,-122.39388,37.75165
new_equioc,26-05-2008,20:09:14,-122.39389,37.75165
new_equioc,26-05-2008,20:10:05,-122.3939,37.75165
new_equioc,26-05-2008,20:11:10,-122.3939,37.75165
new_equioc,26-05-2008,20:12:07,-122.3939,37.75164
new_equioc,26-05-2008,20:12:59,-122.3939,37.75164
new_equioc,26-05-2008,20:13:50,-122.3939,37.75165
new_equioc,26-05-2008,20:14:52,-122.39389,37.75164
new_equioc,26-05-2008,20:15:50,-122.39389,37.75163
new_equioc,26-05-2008,20:16:55,-122.39388,37.75163
new_equioc,26-05-2008,20:17:56,-122.39386,37.75163
new_equioc,26-05-2008,20:18:51,-122.39388,37.75163
new_equioc,26-05-2008,20:19:51,-122.39388,37.75163
new_equioc,26-05-2008,20:21:03,-122.39392,37.75166
new_equioc,26-05-2008,20:21:55,-122.39389,37.75165
new_equioc,26-05-2008,20:22:10,-122.39389,37.75165
new_equioc,26-05-2008,20:22:59,-122.3939,37.75165
new_equioc,26-05-2008,20:24:52,-122.39391,37.75167
new_equioc,26-05-2008,20:25:52,-122.39392,37.75166
new_equioc,26-05-2008,20:26:31,-122.39391,37.75165
new_equioc,26-05-2008,20:29:32,-122.39388,37.7516
new_equioc,26-05-2008,20:30:56,-122.39389,37.75163
new_equioc,26-05-2008,20:32:04,-122.39385,37.75153
new_equioc,26-05-2008,20:33:44,-122.3931,37.74993
new_equioc,26-05-2008,20:34:54,-122.39081,37.75291
new_equioc,26-05-2008,20:35:45,-122.39258,37.76322
new_equioc,26-05-2008,20:36:44,-122.39755,37.77327
new_equioc,26-05-2008,20:37:44,-122.3942,37.77613
new_equioc,26-05-2008,20:38:44,-122.39199,37.77832
new_equioc,26-05-2008,20:40:44,-122.39994,37.78464
new_equioc,26-05-2008,20:41:47,-122.40289,37.78706
new_equioc,26-05-2008,20:42:50,-122.40333,37.78978
new_equioc,26-05-2008,20:43:50,-122.40434,37.79235
new_equioc,26-05-2008,20:44:46,-122.40528,37.79624
new_equioc,26-05-2008,20:45:46,-122.40771,37.79843
new_equioc,26-05-2008,20:46:46,-122.40906,37.79953
new_equioc,26-05-2008,20:47:51,-122.41259,37.802
new_equioc,26-05-2008,20:48:46,-122.41513,37.80377
new_equioc,26-05-2008,20:49:51,-122.41685,37.80509
new_equioc,26-05-2008,20:50:46,-122.41627,37.80632
new_equioc,26-05-2008,20:51:46,-122.41117,37.80688
new_equioc,26-05-2008,20:52:47,-122.40898,37.80737
new_equioc,26-05-2008,20:53:48,-122.41232,37.80859
new_equioc,26-05-2008,20:55:04,-122.41421,37.80848
new_equioc,26-05-2008,20:55:48,-122.4154,37.80826
new_equioc,26-05-2008,20:56:48,-122.41545,37.80818
new_equioc,26-05-2008,20:57:09,-122.41559,37.80829
new_equioc,26-05-2008,20:58:19,-122.41755,37.80801
new_equioc,26-05-2008,21:00:09,-122.41834,37.80598
new_equioc,26-05-2008,21:00:29,-122.41711,37.80612
new_equioc,26-05-2008,21:00:53,-122.41573,37.80633
new_equioc,26-05-2008,21:01:57,-122.41429,37.80646
new_equioc,26-05-2008,21:02:44,-122.4138,37.80671
new_equioc,26-05-2008,21:03:52,-122.41228,37.80724
new_equioc,26-05-2008,21:04:49,-122.41222,37.8069
new_equioc,26-05-2008,21:05:44,-122.41078,37.80687
new_equioc,26-05-2008,21:06:45,-122.40905,37.80794
new_equioc,26-05-2008,21:07:45,-122.41232,37.80856
new_equioc,26-05-2008,21:07:59,-122.41231,37.80857
new_equioc,26-05-2008,21:08:21,-122.41243,37.80795
new_equioc,26-05-2008,21:08:23,-122.41241,37.80785
new_equioc,26-05-2008,21:09:23,-122.41223,37.80668
new_equioc,26-05-2008,21:10:23,-122.41458,37.80648
new_equioc,26-05-2008,21:11:24,-122.41992,37.80581
new_equioc,26-05-2008,21:12:24,-122.42159,37.80559
new_equioc,26-05-2008,21:13:24,-122.42467,37.80517
new_equioc,26-05-2008,21:14:50,-122.42526,37.80455
new_equioc,26-05-2008,21:14:54,-122.42508,37.80345
new_equioc,26-05-2008,21:16:03,-122.42468,37.80155
new_equioc,26-05-2008,21:16:50,-122.42564,37.79931
new_equioc,26-05-2008,21:17:55,-122.4278,37.79902
new_equioc,26-05-2008,21:18:10,-122.42892,37.79881
new_equioc,26-05-2008,21:19:24,-122.42892,37.7988
new_equioc,26-05-2008,21:19:25,-122.42895,37.79893
new_equioc,26-05-2008,21:19:57,-122.42917,37.79797
new_equioc,26-05-2008,21:20:57,-122.43275,37.79746
new_equioc,26-05-2008,21:22:01,-122.43566,37.79787
new_equioc,26-05-2008,21:22:57,-122.43607,37.79955
new_equioc,26-05-2008,21:24:17,-122.4374,37.80069
new_equioc,26-05-2008,21:24:30,-122.43853,37.80046
new_equioc,26-05-2008,21:24:56,-122.43937,37.80043
new_equioc,26-05-2008,21:24:59,-122.43937,37.80043
new_equioc,26-05-2008,21:25:57,-122.43944,37.79973
new_equioc,26-05-2008,21:26:57,-122.43896,37.79743
new_equioc,26-05-2008,21:28:02,-122.43816,37.79362
new_equioc,26-05-2008,21:28:57,-122.43463,37.7926
new_equioc,26-05-2008,21:29:58,-122.4341,37.78995
new_equioc,26-05-2008,21:30:33,-122.43379,37.78864
new_equioc,26-05-2008,21:30:35,-122.43379,37.78864
new_equioc,26-05-2008,21:31:39,-122.43347,37.7868
new_equioc,26-05-2008,21:32:39,-122.43316,37.78524
new_equioc,26-05-2008,21:33:35,-122.42997,37.78554
new_equioc,26-05-2008,21:34:35,-122.42361,37.78635
new_equioc,26-05-2008,21:35:35,-122.42195,37.78675
new_equioc,26-05-2008,21:36:35,-122.41804,37.78705
new_equioc,26-05-2008,21:37:23,-122.41437,37.78754
new_equioc,26-05-2008,21:38:20,-122.40981,37.78807
new_equioc,26-05-2008,21:39:27,-122.40835,37.7877
new_equioc,26-05-2008,21:40:25,-122.40947,37.78719
new_equioc,26-05-2008,21:40:53,-122.41091,37.78699
new_equioc,26-05-2008,21:41:10,-122.41164,37.78725
new_equioc,26-05-2008,21:41:14,-122.41173,37.78772
new_equioc,26-05-2008,21:42:18,-122.41263,37.79248
new_equioc,26-05-2008,21:43:16,-122.41304,37.79495
new_equioc,26-05-2008,21:44:25,-122.41356,37.79758
new_equioc,26-05-2008,21:45:15,-122.41247,37.79914
new_equioc,26-05-2008,21:46:03,-122.40947,37.79948
new_equioc,26-05-2008,21:47:03,-122.40942,37.79945
new_equioc,26-05-2008,21:48:04,-122.40922,37.79949
new_equioc,26-05-2008,21:48:51,-122.40919,37.79951
new_equioc,26-05-2008,21:49:51,-122.40989,37.79849
new_equioc,26-05-2008,21:50:26,-122.41057,37.79921
new_equioc,26-05-2008,21:50:30,-122.41056,37.79921
new_equioc,26-05-2008,21:50:47,-122.4111,37.79929
new_equioc,26-05-2008,21:50:48,-122.41134,37.79926
new_equioc,26-05-2008,21:51:55,-122.41178,37.79638
new_equioc,26-05-2008,21:52:49,-122.41638,37.79574
new_equioc,26-05-2008,21:53:50,-122.41966,37.79531
new_equioc,26-05-2008,21:54:53,-122.42184,37.79502
new_equioc,26-05-2008,21:55:06,-122.42196,37.79501
new_equioc,26-05-2008,21:56:06,-122.42266,37.79586
new_equioc,26-05-2008,21:57:06,-122.42203,37.79726
new_equioc,26-05-2008,21:58:11,-122.4219,37.79878
new_equioc,26-05-2008,21:59:12,-122.41731,37.79948
new_equioc,26-05-2008,22:00:12,-122.41299,37.80015
new_equioc,26-05-2008,22:01:06,-122.41062,37.80064
new_equioc,26-05-2008,22:02:07,-122.41151,37.80346
new_equioc,26-05-2008,22:03:07,-122.41192,37.8057
new_equioc,26-05-2008,22:04:12,-122.41085,37.80696
new_equioc,26-05-2008,22:05:07,-122.40947,37.80833
new_equioc,26-05-2008,22:06:07,-122.40982,37.80839
new_equioc,26-05-2008,22:07:09,-122.40982,37.8084
new_equioc,26-05-2008,22:08:08,-122.40981,37.8084
new_equioc,26-05-2008,22:09:08,-122.40981,37.80839
new_equioc,26-05-2008,22:10:15,-122.41003,37.80839
new_equioc,26-05-2008,22:11:12,-122.41004,37.8084
new_equioc,26-05-2008,22:11:30,-122.41004,37.8084
new_equioc,26-05-2008,22:11:50,-122.41021,37.80841
new_equioc,26-05-2008,22:11:56,-122.41031,37.80841
new_equioc,26-05-2008,22:11:58,-122.41059,37.80845
new_equioc,26-05-2008,22:12:58,-122.41054,37.80827
new_equioc,26-05-2008,22:13:58,-122.41006,37.80823
new_equioc,26-05-2008,22:15:13,-122.40937,37.80813
new_equioc,26-05-2008,22:15:59,-122.40771,37.80755
new_equioc,26-05-2008,22:17:00,-122.40633,37.80685
new_equioc,26-05-2008,22:18:15,-122.40381,37.80533
new_equioc,26-05-2008,22:19:02,-122.40219,37.80411
new_equioc,26-05-2008,22:20:02,-122.40079,37.79744
new_equioc,26-05-2008,22:21:24,-122.39987,37.79323
new_equioc,26-05-2008,22:22:08,-122.40187,37.79231
new_equioc,26-05-2008,22:23:03,-122.40233,37.79102
new_equioc,26-05-2008,22:24:03,-122.40562,37.79032
new_equioc,26-05-2008,22:24:16,-122.40561,37.79032
new_equioc,26-05-2008,22:25:10,-122.40374,37.79094
new_equioc,26-05-2008,22:25:27,-122.40209,37.79105
new_equioc,26-05-2008,22:25:44,-122.40154,37.79102
new_equioc,26-05-2008,22:25:47,-122.40135,37.79103
new_equioc,26-05-2008,22:26:45,-122.40154,37.7935
new_equioc,26-05-2008,22:27:45,-122.40161,37.79557
new_equioc,26-05-2008,22:28:52,-122.4022,37.79823
new_equioc,26-05-2008,22:29:46,-122.40642,37.79796
new_equioc,26-05-2008,22:31:53,-122.4236,37.79579
new_equioc,26-05-2008,22:32:54,-122.42556,37.79784
new_equioc,26-05-2008,22:33:59,-122.43016,37.80068
new_equioc,26-05-2008,22:34:55,-122.43623,37.80057
new_equioc,26-05-2008,22:35:16,-122.43632,37.80061
new_equioc,26-05-2008,22:35:36,-122.43719,37.80071
new_equioc,26-05-2008,22:36:31,-122.4385,37.80055
new_equioc,26-05-2008,22:38:31,-122.43862,37.79948
new_equioc,26-05-2008,22:39:33,-122.4359,37.7989
new_equioc,26-05-2008,22:40:32,-122.43557,37.79734
new_equioc,26-05-2008,22:41:26,-122.43478,37.79718
new_equioc,26-05-2008,22:41:30,-122.43478,37.79718
new_equioc,26-05-2008,22:42:24,-122.43365,37.79657
new_equioc,26-05-2008,22:42:55,-122.43341,37.79528
new_equioc,26-05-2008,22:43:34,-122.43278,37.79198
new_equioc,26-05-2008,22:44:30,-122.43236,37.78814
new_equioc,26-05-2008,22:45:35,-122.44012,37.78715
new_equioc,26-05-2008,22:46:26,-122.44739,37.7856
new_equioc,26-05-2008,22:47:32,-122.44715,37.77885
new_equioc,26-05-2008,22:48:26,-122.44659,37.77607
new_equioc,26-05-2008,22:49:32,-122.44751,37.77282
new_equioc,26-05-2008,22:50:40,-122.45547,37.77063
new_equioc,26-05-2008,22:51:47,-122.46116,37.76619
new_equioc,26-05-2008,22:52:31,-122.46401,37.76604
new_equioc,26-05-2008,22:53:37,-122.46308,37.7635
new_equioc,26-05-2008,22:54:26,-122.4633,37.75942
new_equioc,26-05-2008,22:56:02,-122.46178,37.75729
new_equioc,26-05-2008,22:56:30,-122.46165,37.75706
new_equioc,26-05-2008,22:57:13,-122.4635,37.75858
new_equioc,26-05-2008,22:58:06,-122.46723,37.75841
new_equioc,26-05-2008,22:59:09,-122.47145,37.75885
new_equioc,26-05-2008,23:01:17,-122.47491,37.75808
new_equioc,26-05-2008,23:02:15,-122.47662,37.75638
new_equioc,26-05-2008,23:06:08,-122.4752,37.73437
new_equioc,26-05-2008,23:08:25,-122.47541,37.72101
new_equioc,26-05-2008,23:12:25,-122.47355,37.70309
