VR29,19-02-2020,06:05:00,-19.9135833,-43.9806667
VR29,19-02-2020,06:05:01,-19.9135833,-43.9806
VR29,19-02-2020,06:05:02,-19.9135833,-43.98055
VR29,19-02-2020,06:05:03,-19.9135833,-43.9805
VR29,19-02-2020,06:05:04,-19.9136,-43.9804167
VR29,19-02-2020,06:05:05,-19.9136,-43.98035
VR29,19-02-2020,06:05:06,-19.9136167,-43.9802667
VR29,19-02-2020,06:06:00,-19.9136167,-43.9801833
VR29,19-02-2020,06:06:01,-19.9136167,-43.9800833
VR29,19-02-2020,06:06:02,-19.9136167,-43.9799833
VR29,19-02-2020,06:06:03,-19.9136,-43.9798667
VR29,19-02-2020,06:06:04,-19.9136,-43.9797667
VR29,19-02-2020,06:06:05,-19.9136,-43.9796667
VR29,19-02-2020,06:06:06,-19.9135833,-43.9796
VR29,19-02-2020,06:06:07,-19.9136,-43.9795
VR29,19-02-2020,06:06:08,-19.9136167,-43.9794
VR29,19-02-2020,06:06:09,-19.91365,-43.9793
VR29,19-02-2020,06:06:10,-19.91365,-43.9792
VR29,19-02-2020,06:06:11,-19.91365,-43.9791
VR29,19-02-2020,06:06:12,-19.91365,-43.9789833
VR29,19-02-2020,06:06:13,-19.9136667,-43.9788833
VR29,19-02-2020,06:06:14,-19.9136667,-43.9787833
VR29,19-02-2020,06:06:15,-19.9136667,-43.9787
VR29,19-02-2020,06:06:16,-19.9136667,-43.9786
VR29,19-02-2020,06:06:17,-19.9136667,-43.9785
VR29,19-02-2020,06:06:18,-19.9136667,-43.9784
VR29,19-02-2020,06:06:19,-19.9136667,-43.9783167
VR29,19-02-2020,06:06:20,-19.9136833,-43.9782167
VR29,19-02-2020,06:06:21,-19.9136833,-43.9781167
VR29,19-02-2020,06:06:22,-19.9136833,-43.9780333
VR29,19-02-2020,06:06:23,-19.9136833,-43.9779333
VR29,19-02-2020,06:06:24,-19.9136833,-43.97785
VR29,19-02-2020,06:06:25,-19.9136833,-43.97775
VR29,19-02-2020,06:06:26,-19.9136833,-43.9776667
VR29,19-02-2020,06:06:27,-19.9136833,-43.9775667
VR29,19-02-2020,06:06:28,-19.9136833,-43.9774667
VR29,19-02-2020,06:06:29,-19.9136833,-43.9773833
VR29,19-02-2020,06:06:30,-19.9136833,-43.9772833
VR29,19-02-2020,06:06:31,-19.9137,-43.9771833
VR29,19-02-2020,06:06:32,-19.9137,-43.9771
VR29,19-02-2020,06:06:33,-19.9137,-43.9770167
VR29,19-02-2020,06:06:34,-19.9137,-43.9769333
VR29,19-02-2020,06:06:35,-19.9137,-43.9768667
VR29,19-02-2020,06:06:36,-19.9137,-43.9768
VR29,19-02-2020,06:06:37,-19.9137,-43.9768
VR29,19-02-2020,06:06:38,-19.9137,-43.97675
VR29,19-02-2020,06:06:39,-19.9137,-43.9767333
VR29,19-02-2020,06:06:40,-19.9137,-43.9767
VR29,19-02-2020,06:06:41,-19.9137,-43.9766667
VR29,19-02-2020,06:06:42,-19.9137,-43.9766667
VR29,19-02-2020,06:06:43,-19.9137,-43.9766667
VR29,19-02-2020,06:06:44,-19.9137,-43.97665
VR29,19-02-2020,06:06:45,-19.9137,-43.97665
VR29,19-02-2020,06:06:46,-19.9137,-43.97665
VR29,19-02-2020,06:06:47,-19.9137,-43.97665
VR29,19-02-2020,06:06:48,-19.9137,-43.97665
VR29,19-02-2020,06:06:49,-19.9137,-43.97665
VR29,19-02-2020,06:06:50,-19.9137,-43.97665
VR29,19-02-2020,06:06:51,-19.9137,-43.97665
VR29,19-02-2020,06:06:52,-19.9137,-43.97665
VR29,19-02-2020,06:06:53,-19.9137,-43.97665
VR29,19-02-2020,06:06:54,-19.9137,-43.9766167
VR29,19-02-2020,06:06:55,-19.9137,-43.9766167
VR29,19-02-2020,06:06:56,-19.9137,-43.9766167
VR29,19-02-2020,06:06:57,-19.9137,-43.9765667
VR29,19-02-2020,06:06:58,-19.9137,-43.9765333
VR29,19-02-2020,06:06:59,-19.9137,-43.9765167
VR29,19-02-2020,06:07:00,-19.9137,-43.97645
VR29,19-02-2020,06:07:01,-19.9137,-43.9764167
VR29,19-02-2020,06:07:02,-19.9137,-43.9763833
VR29,19-02-2020,06:07:03,-19.9137,-43.9763167
VR29,19-02-2020,06:07:04,-19.9137,-43.9762833
VR29,19-02-2020,06:07:05,-19.9137,-43.9761833
VR29,19-02-2020,06:07:06,-19.9137,-43.9760833
VR29,19-02-2020,06:07:07,-19.9137333,-43.9759833
VR29,19-02-2020,06:07:08,-19.9137333,-43.9758833
VR29,19-02-2020,06:07:09,-19.9137333,-43.9757667
VR29,19-02-2020,06:07:10,-19.9137333,-43.9756667
VR29,19-02-2020,06:07:11,-19.91375,-43.9755667
VR29,19-02-2020,06:07:12,-19.91375,-43.9754667
VR29,19-02-2020,06:07:13,-19.91375,-43.97535
VR29,19-02-2020,06:07:14,-19.9137667,-43.97525
VR29,19-02-2020,06:07:15,-19.9137667,-43.97515
VR29,19-02-2020,06:07:16,-19.9137667,-43.97505
VR29,19-02-2020,06:07:17,-19.9137667,-43.97495
VR29,19-02-2020,06:07:18,-19.9137667,-43.97485
VR29,19-02-2020,06:07:19,-19.91375,-43.97475
VR29,19-02-2020,06:07:20,-19.91375,-43.9746667
VR29,19-02-2020,06:07:21,-19.9137667,-43.9745667
VR29,19-02-2020,06:07:22,-19.9137667,-43.97445
VR29,19-02-2020,06:07:23,-19.9137667,-43.9743667
VR29,19-02-2020,06:07:24,-19.9137833,-43.9742667
VR29,19-02-2020,06:07:25,-19.9137833,-43.9741667
VR29,19-02-2020,06:07:26,-19.9137833,-43.9740667
VR29,19-02-2020,06:07:27,-19.9138,-43.9739667
VR29,19-02-2020,06:07:28,-19.9138,-43.9738667
VR29,19-02-2020,06:07:29,-19.9138167,-43.9737833
VR29,19-02-2020,06:07:30,-19.9138167,-43.9736667
VR29,19-02-2020,06:07:31,-19.9138167,-43.9736
VR29,19-02-2020,06:07:32,-19.9138333,-43.9735
VR29,19-02-2020,06:07:33,-19.9138167,-43.9734167
VR29,19-02-2020,06:07:34,-19.9138333,-43.9733167
VR29,19-02-2020,06:07:35,-19.9138333,-43.97325
VR29,19-02-2020,06:07:36,-19.9138333,-43.9731833
VR29,19-02-2020,06:07:37,-19.91385,-43.9731167
VR29,19-02-2020,06:07:38,-19.91385,-43.9730167
VR29,19-02-2020,06:07:39,-19.91385,-43.9729167
VR29,19-02-2020,06:07:40,-19.9138667,-43.9728333
VR29,19-02-2020,06:07:41,-19.9138667,-43.9727333
VR29,19-02-2020,06:07:42,-19.9138667,-43.9726333
VR29,19-02-2020,06:07:43,-19.9138833,-43.97255
VR29,19-02-2020,06:07:44,-19.9138833,-43.97245
VR29,19-02-2020,06:07:45,-19.9139,-43.9723333
VR29,19-02-2020,06:07:46,-19.9139167,-43.9722333
VR29,19-02-2020,06:07:47,-19.9139167,-43.9721333
VR29,19-02-2020,06:07:48,-19.9139167,-43.97205
VR29,19-02-2020,06:07:49,-19.9139333,-43.97195
VR29,19-02-2020,06:07:50,-19.9139167,-43.9718667
VR29,19-02-2020,06:07:51,-19.9139,-43.9717667
VR29,19-02-2020,06:07:52,-19.9138833,-43.9716667
VR29,19-02-2020,06:07:53,-19.91385,-43.97155
VR29,19-02-2020,06:07:54,-19.9138167,-43.97145
VR29,19-02-2020,06:07:55,-19.9137833,-43.9713667
VR29,19-02-2020,06:07:56,-19.91375,-43.97125
VR29,19-02-2020,06:07:57,-19.9137333,-43.97115
VR29,19-02-2020,06:07:58,-19.9137,-43.9710667
VR29,19-02-2020,06:07:59,-19.9136667,-43.9709667
VR29,19-02-2020,06:08:00,-19.9136333,-43.9708667
VR29,19-02-2020,06:08:01,-19.9136167,-43.9707667
VR29,19-02-2020,06:08:02,-19.9135833,-43.9706667
VR29,19-02-2020,06:08:03,-19.91355,-43.9705667
VR29,19-02-2020,06:08:04,-19.9135167,-43.9704667
VR29,19-02-2020,06:08:05,-19.9134833,-43.9703667
VR29,19-02-2020,06:08:06,-19.91345,-43.9702667
VR29,19-02-2020,06:08:07,-19.9134167,-43.9701667
VR29,19-02-2020,06:08:08,-19.9133833,-43.9700667
VR29,19-02-2020,06:08:09,-19.9133833,-43.9699667
VR29,19-02-2020,06:08:10,-19.91335,-43.9698667
VR29,19-02-2020,06:08:11,-19.9133,-43.9697833
VR29,19-02-2020,06:08:12,-19.9132833,-43.9696833
VR29,19-02-2020,06:08:13,-19.91325,-43.9695833
VR29,19-02-2020,06:08:14,-19.9132167,-43.9694833
VR29,19-02-2020,06:08:15,-19.9132,-43.9694167
VR29,19-02-2020,06:08:16,-19.9131833,-43.9693167
VR29,19-02-2020,06:08:17,-19.9131833,-43.96925
VR29,19-02-2020,06:08:18,-19.9131667,-43.9691667
VR29,19-02-2020,06:08:19,-19.9131333,-43.9690833
VR29,19-02-2020,06:08:20,-19.9131167,-43.969
VR29,19-02-2020,06:08:21,-19.9131,-43.9689
VR29,19-02-2020,06:08:22,-19.9130667,-43.9688167
VR29,19-02-2020,06:08:23,-19.91305,-43.9687167
VR29,19-02-2020,06:08:24,-19.9130333,-43.9686333
VR29,19-02-2020,06:08:25,-19.913,-43.96855
VR29,19-02-2020,06:08:26,-19.9129833,-43.96845
VR29,19-02-2020,06:08:27,-19.9129667,-43.96835
VR29,19-02-2020,06:08:28,-19.9129333,-43.9682667
VR29,19-02-2020,06:08:29,-19.9129167,-43.9681667
VR29,19-02-2020,06:08:30,-19.9129,-43.9680667
VR29,19-02-2020,06:08:31,-19.9128667,-43.9679833
VR29,19-02-2020,06:08:32,-19.91285,-43.9678833
VR29,19-02-2020,06:08:33,-19.9128333,-43.9678
VR29,19-02-2020,06:08:34,-19.9128167,-43.9677167
VR29,19-02-2020,06:08:35,-19.9128,-43.9676333
VR29,19-02-2020,06:08:36,-19.9127833,-43.9675667
VR29,19-02-2020,06:08:37,-19.9127667,-43.9675
VR29,19-02-2020,06:08:38,-19.9127667,-43.96745
VR29,19-02-2020,06:08:39,-19.91275,-43.9673833
VR29,19-02-2020,06:08:40,-19.91275,-43.9673333
VR29,19-02-2020,06:08:41,-19.9127333,-43.9672833
VR29,19-02-2020,06:08:42,-19.9127333,-43.9672333
VR29,19-02-2020,06:08:43,-19.9127167,-43.9672167
VR29,19-02-2020,06:08:44,-19.9127167,-43.9672
VR29,19-02-2020,06:08:45,-19.9127333,-43.9672167
VR29,19-02-2020,06:08:46,-19.9127333,-43.9672333
VR29,19-02-2020,06:08:47,-19.9127333,-43.9672833
VR29,19-02-2020,06:08:48,-19.9127333,-43.9672833
VR29,19-02-2020,06:08:49,-19.9127333,-43.9673167
VR29,19-02-2020,06:08:50,-19.91275,-43.9673667
VR29,19-02-2020,06:08:51,-19.91275,-43.9673833
VR29,19-02-2020,06:08:52,-19.91275,-43.9673833
VR29,19-02-2020,06:08:53,-19.9127667,-43.9674167
VR29,19-02-2020,06:08:54,-19.9127667,-43.96745
VR29,19-02-2020,06:08:55,-19.9127667,-43.9674667
VR29,19-02-2020,06:08:56,-19.9127667,-43.9675
VR29,19-02-2020,06:08:57,-19.9127667,-43.9675
VR29,19-02-2020,06:08:58,-19.9127667,-43.9675
VR29,19-02-2020,06:08:59,-19.9127833,-43.9675333
VR29,19-02-2020,06:09:00,-19.9127667,-43.9675333
VR29,19-02-2020,06:09:01,-19.9127833,-43.9675333
VR29,19-02-2020,06:09:02,-19.9127667,-43.9675333
VR29,19-02-2020,06:09:03,-19.9127667,-43.9675333
VR29,19-02-2020,06:09:04,-19.9127667,-43.9675333
VR29,19-02-2020,06:09:05,-19.9127833,-43.9675667
VR29,19-02-2020,06:09:06,-19.9128,-43.9675667
VR29,19-02-2020,06:09:07,-19.9128167,-43.9676
VR29,19-02-2020,06:09:08,-19.9128,-43.9676
VR29,19-02-2020,06:09:09,-19.9127833,-43.9675667
VR29,19-02-2020,06:09:10,-19.9127667,-43.9675333
VR29,19-02-2020,06:09:11,-19.9127667,-43.9675
VR29,19-02-2020,06:09:12,-19.9127667,-43.96745
VR29,19-02-2020,06:09:13,-19.9127667,-43.96745
VR29,19-02-2020,06:09:14,-19.91275,-43.9673333
VR29,19-02-2020,06:09:15,-19.9127333,-43.9672833
VR29,19-02-2020,06:09:16,-19.9127167,-43.9672
VR29,19-02-2020,06:09:17,-19.9126833,-43.9671167
VR29,19-02-2020,06:09:18,-19.9126833,-43.96705
VR29,19-02-2020,06:09:19,-19.9126667,-43.9669833
VR29,19-02-2020,06:09:20,-19.91265,-43.96695
VR29,19-02-2020,06:09:21,-19.91265,-43.9669
VR29,19-02-2020,06:09:22,-19.9126167,-43.9668167
VR29,19-02-2020,06:09:23,-19.9126,-43.9667167
VR29,19-02-2020,06:09:24,-19.9125667,-43.9666333
VR29,19-02-2020,06:09:25,-19.91255,-43.9665167
VR29,19-02-2020,06:09:26,-19.9125167,-43.9664167
VR29,19-02-2020,06:09:27,-19.9124833,-43.9663167
VR29,19-02-2020,06:09:28,-19.9124667,-43.9662333
VR29,19-02-2020,06:09:29,-19.9124333,-43.9661333
VR29,19-02-2020,06:09:30,-19.9124167,-43.9660333
VR29,19-02-2020,06:09:31,-19.9123833,-43.9659333
VR29,19-02-2020,06:09:32,-19.9123667,-43.9658333
VR29,19-02-2020,06:09:33,-19.9123333,-43.9657667
VR29,19-02-2020,06:09:34,-19.9123167,-43.9656667
VR29,19-02-2020,07:11:00,-19.9136,-43.9807
VR29,19-02-2020,07:11:01,-19.9136,-43.9806
VR29,19-02-2020,07:11:02,-19.9135833,-43.9805
VR29,19-02-2020,07:11:03,-19.9136,-43.9804167
VR29,19-02-2020,07:11:04,-19.9136,-43.9804167
VR29,19-02-2020,07:11:05,-19.9135833,-43.9803833
VR29,19-02-2020,07:11:06,-19.9135833,-43.9803167
VR29,19-02-2020,07:11:07,-19.9135833,-43.9802833
VR29,19-02-2020,07:11:08,-19.9135833,-43.98025
VR29,19-02-2020,07:11:09,-19.9135833,-43.9802
VR29,19-02-2020,07:11:10,-19.9136,-43.9801667
VR29,19-02-2020,07:11:11,-19.9135833,-43.9801333
VR29,19-02-2020,07:11:12,-19.9136167,-43.9800833
VR29,19-02-2020,07:11:13,-19.9136167,-43.9800833
VR29,19-02-2020,07:11:14,-19.9136167,-43.9800833
VR29,19-02-2020,07:11:15,-19.9136167,-43.9800833
VR29,19-02-2020,07:11:16,-19.9136167,-43.9800833
VR29,19-02-2020,07:11:17,-19.9136167,-43.98005
VR29,19-02-2020,07:11:18,-19.9136167,-43.98005
VR29,19-02-2020,07:11:19,-19.9136167,-43.98005
VR29,19-02-2020,07:11:20,-19.9136167,-43.98005
VR29,19-02-2020,07:11:21,-19.9136167,-43.98005
VR29,19-02-2020,07:11:22,-19.9136167,-43.98005
VR29,19-02-2020,07:11:23,-19.9136167,-43.98005
VR29,19-02-2020,07:11:24,-19.9136167,-43.98005
VR29,19-02-2020,07:11:25,-19.9136167,-43.98005
VR29,19-02-2020,07:11:26,-19.9136167,-43.98005
VR29,19-02-2020,07:11:27,-19.9136167,-43.98005
VR29,19-02-2020,07:11:28,-19.9136167,-43.98005
VR29,19-02-2020,07:11:29,-19.9136167,-43.98005
VR29,19-02-2020,07:11:30,-19.9136167,-43.98005
VR29,19-02-2020,07:11:31,-19.9136167,-43.98005
VR29,19-02-2020,07:11:32,-19.9135833,-43.9800167
VR29,19-02-2020,07:12:00,-19.9136,-43.9799833
VR29,19-02-2020,07:12:01,-19.9136,-43.9799833
VR29,19-02-2020,07:12:02,-19.9136,-43.9799333
VR29,19-02-2020,07:12:03,-19.9136,-43.9799333
VR29,19-02-2020,07:12:04,-19.9136167,-43.9798833
VR29,19-02-2020,07:12:05,-19.9136167,-43.9798833
VR29,19-02-2020,07:12:06,-19.9136167,-43.9798333
VR29,19-02-2020,07:12:07,-19.9136167,-43.9798
VR29,19-02-2020,07:12:08,-19.9136167,-43.9798
VR29,19-02-2020,07:12:09,-19.9136167,-43.9797333
VR29,19-02-2020,07:12:10,-19.9136167,-43.9796833
VR29,19-02-2020,07:12:11,-19.9136167,-43.9796333
VR29,19-02-2020,07:12:12,-19.9136167,-43.97955
VR29,19-02-2020,07:12:13,-19.9136167,-43.9795
VR29,19-02-2020,07:12:14,-19.9136333,-43.9794333
VR29,19-02-2020,07:12:15,-19.9136333,-43.9793333
VR29,19-02-2020,07:12:16,-19.9136333,-43.9792333
VR29,19-02-2020,07:12:17,-19.9136333,-43.9791167
VR29,19-02-2020,07:12:18,-19.91365,-43.9790167
VR29,19-02-2020,07:12:19,-19.91365,-43.9789167
VR29,19-02-2020,07:12:20,-19.91365,-43.9788
VR29,19-02-2020,07:12:21,-19.91365,-43.9787
VR29,19-02-2020,07:12:22,-19.91365,-43.9786
VR29,19-02-2020,07:12:23,-19.9136667,-43.9785
VR29,19-02-2020,07:12:24,-19.9136667,-43.9783833
VR29,19-02-2020,07:12:25,-19.9136667,-43.9782833
VR29,19-02-2020,07:12:26,-19.9136833,-43.9781833
VR29,19-02-2020,07:12:27,-19.9136833,-43.9780667
VR29,19-02-2020,07:12:28,-19.9136833,-43.9779667
VR29,19-02-2020,07:12:29,-19.9136833,-43.9778667
VR29,19-02-2020,07:12:30,-19.9136833,-43.9777667
VR29,19-02-2020,07:12:31,-19.9136833,-43.97765
VR29,19-02-2020,07:12:32,-19.9136833,-43.97755
VR29,19-02-2020,07:12:33,-19.9136833,-43.97745
VR29,19-02-2020,07:12:34,-19.9137,-43.9773333
VR29,19-02-2020,07:12:35,-19.9137,-43.9772333
VR29,19-02-2020,07:12:36,-19.9137,-43.9771333
VR29,19-02-2020,07:12:37,-19.9137,-43.9770167
VR29,19-02-2020,07:12:38,-19.9137,-43.9769167
VR29,19-02-2020,07:12:39,-19.9137167,-43.9768167
VR29,19-02-2020,07:12:40,-19.9137167,-43.9767167
VR29,19-02-2020,07:12:41,-19.9137167,-43.9766
VR29,19-02-2020,07:12:42,-19.9137167,-43.9765
VR29,19-02-2020,07:12:43,-19.9137167,-43.9764
VR29,19-02-2020,07:12:44,-19.9137167,-43.9762833
VR29,19-02-2020,07:12:45,-19.9137333,-43.9761833
VR29,19-02-2020,07:12:46,-19.9137333,-43.9760833
VR29,19-02-2020,07:12:47,-19.9137333,-43.9759833
VR29,19-02-2020,07:12:48,-19.9137333,-43.9758667
VR29,19-02-2020,07:12:49,-19.9137333,-43.9757667
VR29,19-02-2020,07:12:50,-19.9137333,-43.9756667
VR29,19-02-2020,07:12:51,-19.9137333,-43.97555
VR29,19-02-2020,07:12:52,-19.9137333,-43.97545
VR29,19-02-2020,07:12:53,-19.9137333,-43.97535
VR29,19-02-2020,07:12:54,-19.9137333,-43.9752333
VR29,19-02-2020,07:12:55,-19.91375,-43.9751333
VR29,19-02-2020,07:12:56,-19.91375,-43.9750333
VR29,19-02-2020,07:12:57,-19.91375,-43.9749333
VR29,19-02-2020,07:12:58,-19.91375,-43.9748167
VR29,19-02-2020,07:12:59,-19.91375,-43.9747167
VR29,19-02-2020,07:13:00,-19.9137667,-43.9746167
VR29,19-02-2020,07:13:01,-19.9137667,-43.9745
VR29,19-02-2020,07:13:02,-19.9137833,-43.9744
VR29,19-02-2020,07:13:03,-19.9137833,-43.9743
VR29,19-02-2020,07:13:04,-19.9137833,-43.9742167
VR29,19-02-2020,07:13:05,-19.9137833,-43.9741167
VR29,19-02-2020,07:13:06,-19.9138,-43.9740167
VR29,19-02-2020,07:13:07,-19.9138,-43.9739333
VR29,19-02-2020,07:13:08,-19.9138,-43.9738333
VR29,19-02-2020,07:13:09,-19.9138,-43.9737333
VR29,19-02-2020,07:13:10,-19.9138167,-43.9736333
VR29,19-02-2020,07:13:11,-19.9138167,-43.9735333
VR29,19-02-2020,07:13:12,-19.9138167,-43.97345
VR29,19-02-2020,07:13:13,-19.9138167,-43.97335
VR29,19-02-2020,07:13:14,-19.9138333,-43.97325
VR29,19-02-2020,07:13:15,-19.91385,-43.97315
VR29,19-02-2020,07:13:16,-19.91385,-43.9730667
VR29,19-02-2020,07:13:17,-19.91385,-43.973
VR29,19-02-2020,07:13:18,-19.9138667,-43.9729167
VR29,19-02-2020,07:13:19,-19.9138667,-43.9728333
VR29,19-02-2020,07:13:20,-19.9138667,-43.97275
VR29,19-02-2020,07:13:21,-19.9138833,-43.9727
VR29,19-02-2020,07:13:22,-19.9139,-43.9726333
VR29,19-02-2020,07:13:23,-19.9139,-43.9725833
VR29,19-02-2020,07:13:24,-19.9138833,-43.9725333
VR29,19-02-2020,07:13:25,-19.9138833,-43.9724833
VR29,19-02-2020,07:13:26,-19.9139,-43.97245
VR29,19-02-2020,07:13:27,-19.9139,-43.9724
VR29,19-02-2020,07:13:28,-19.9139167,-43.9723667
VR29,19-02-2020,07:13:29,-19.9139167,-43.97235
VR29,19-02-2020,07:13:30,-19.9139333,-43.9723333
VR29,19-02-2020,07:13:31,-19.91395,-43.9723167
VR29,19-02-2020,07:13:32,-19.9139167,-43.97235
VR29,19-02-2020,07:13:33,-19.9139167,-43.97235
VR29,19-02-2020,07:13:34,-19.9139167,-43.9723667
VR29,19-02-2020,07:13:35,-19.9139,-43.9724
VR29,19-02-2020,07:13:36,-19.9139167,-43.9724333
VR29,19-02-2020,07:13:37,-19.9139,-43.97245
VR29,19-02-2020,07:13:38,-19.9139,-43.97245
VR29,19-02-2020,07:13:39,-19.9139,-43.9724667
VR29,19-02-2020,07:13:40,-19.9138833,-43.9724833
VR29,19-02-2020,07:13:41,-19.9138833,-43.9724833
VR29,19-02-2020,07:13:42,-19.9138833,-43.9725
VR29,19-02-2020,07:13:43,-19.9138667,-43.9725
VR29,19-02-2020,07:13:44,-19.9138667,-43.9725167
VR29,19-02-2020,07:13:45,-19.9138667,-43.9725167
VR29,19-02-2020,07:13:46,-19.9138667,-43.9725167
VR29,19-02-2020,07:13:47,-19.9138667,-43.9725167
VR29,19-02-2020,07:13:48,-19.9138667,-43.9725333
VR29,19-02-2020,07:13:49,-19.9138667,-43.9725333
VR29,19-02-2020,07:13:50,-19.9138667,-43.9725333
VR29,19-02-2020,07:13:51,-19.9138833,-43.9725333
VR29,19-02-2020,07:13:52,-19.9138833,-43.9725333
VR29,19-02-2020,07:13:53,-19.9138833,-43.9725333
VR29,19-02-2020,07:13:54,-19.9138833,-43.9725333
VR29,19-02-2020,07:13:55,-19.9138833,-43.9725333
VR29,19-02-2020,07:13:56,-19.9139,-43.9725333
VR29,19-02-2020,07:13:57,-19.9139,-43.9725333
VR29,19-02-2020,07:13:58,-19.9139,-43.9725333
VR29,19-02-2020,07:13:59,-19.9139,-43.9725333
VR29,19-02-2020,07:14:00,-19.9139,-43.9725333
VR29,19-02-2020,07:14:01,-19.9138833,-43.9725167
VR29,19-02-2020,07:14:02,-19.9138833,-43.9725167
VR29,19-02-2020,07:14:03,-19.9138833,-43.9725
VR29,19-02-2020,07:14:04,-19.9138833,-43.9724833
VR29,19-02-2020,07:14:05,-19.9138833,-43.9724833
VR29,19-02-2020,07:14:06,-19.9138833,-43.97245
VR29,19-02-2020,07:14:07,-19.9138833,-43.9723667
VR29,19-02-2020,07:14:08,-19.9138833,-43.9723
VR29,19-02-2020,07:14:09,-19.9138833,-43.9722
VR29,19-02-2020,07:14:10,-19.9139,-43.9721
VR29,19-02-2020,07:14:11,-19.9139,-43.9720167
VR29,19-02-2020,07:14:12,-19.9139,-43.9719167
VR29,19-02-2020,07:14:13,-19.9139,-43.9718167
VR29,19-02-2020,07:14:14,-19.9138833,-43.9717333
VR29,19-02-2020,07:14:15,-19.9138667,-43.9716333
VR29,19-02-2020,07:14:16,-19.91385,-43.97155
VR29,19-02-2020,07:14:17,-19.9138167,-43.97145
VR29,19-02-2020,07:14:18,-19.9137833,-43.9713667
VR29,19-02-2020,07:14:19,-19.91375,-43.9712667
VR29,19-02-2020,07:14:20,-19.9137167,-43.9711833
VR29,19-02-2020,07:14:21,-19.91375,-43.9711
VR29,19-02-2020,07:14:22,-19.9136667,-43.9710833
VR29,19-02-2020,07:14:23,-19.9136667,-43.9709833
VR29,19-02-2020,07:14:24,-19.9136333,-43.9709
VR29,19-02-2020,07:14:25,-19.9136,-43.9708167
VR29,19-02-2020,07:14:26,-19.9135833,-43.9707167
VR29,19-02-2020,07:14:27,-19.91355,-43.9706333
VR29,19-02-2020,07:14:28,-19.9135167,-43.9705333
VR29,19-02-2020,07:14:29,-19.9134833,-43.97045
VR29,19-02-2020,07:14:30,-19.9134667,-43.97035
VR29,19-02-2020,07:14:31,-19.9134333,-43.97025
VR29,19-02-2020,07:14:32,-19.9134167,-43.9701667
VR29,19-02-2020,07:14:33,-19.9133833,-43.9700667
VR29,19-02-2020,07:14:34,-19.91335,-43.9699667
VR29,19-02-2020,07:14:35,-19.9133333,-43.9698833
VR29,19-02-2020,07:14:36,-19.9133,-43.9697833
VR29,19-02-2020,07:14:37,-19.9132833,-43.9697
VR29,19-02-2020,07:14:38,-19.91325,-43.9696
VR29,19-02-2020,07:14:39,-19.9132333,-43.9695
VR29,19-02-2020,07:14:40,-19.9132,-43.9694
VR29,19-02-2020,07:14:41,-19.9131833,-43.9693
VR29,19-02-2020,07:14:42,-19.9131667,-43.9692
VR29,19-02-2020,07:14:43,-19.9131333,-43.9691
VR29,19-02-2020,07:14:44,-19.9131167,-43.969
VR29,19-02-2020,07:14:45,-19.9130833,-43.9689
VR29,19-02-2020,07:14:46,-19.9130667,-43.9688
VR29,19-02-2020,07:14:47,-19.9130333,-43.9687
VR29,19-02-2020,07:14:48,-19.9130167,-43.9686
VR29,19-02-2020,07:14:49,-19.9129833,-43.9685167
VR29,19-02-2020,07:14:50,-19.9129667,-43.9684167
VR29,19-02-2020,07:14:51,-19.91295,-43.9683333
VR29,19-02-2020,07:14:52,-19.9129167,-43.9682333
VR29,19-02-2020,07:14:53,-19.9129,-43.96815
VR29,19-02-2020,07:14:54,-19.9128833,-43.96805
VR29,19-02-2020,07:14:55,-19.91285,-43.96795
VR29,19-02-2020,07:14:56,-19.9128333,-43.9678667
VR29,19-02-2020,07:14:57,-19.9128167,-43.9677667
VR29,19-02-2020,07:14:58,-19.9127833,-43.9676667
VR29,19-02-2020,07:14:59,-19.9127667,-43.9675833
VR29,19-02-2020,07:15:00,-19.91275,-43.9674833
VR29,19-02-2020,07:15:01,-19.9127167,-43.9673833
VR29,19-02-2020,07:15:02,-19.9127,-43.9673
VR29,19-02-2020,07:15:03,-19.9126833,-43.9672
VR29,19-02-2020,07:15:04,-19.91265,-43.9671
VR29,19-02-2020,07:15:05,-19.9126333,-43.967
VR29,19-02-2020,07:15:06,-19.9126167,-43.9669
VR29,19-02-2020,07:15:07,-19.9125833,-43.9668167
VR29,19-02-2020,07:15:08,-19.9125667,-43.9667167
VR29,19-02-2020,07:15:09,-19.91255,-43.9666167
VR29,19-02-2020,07:15:10,-19.9125167,-43.9665167
VR29,19-02-2020,07:15:11,-19.9125,-43.9664167
VR29,19-02-2020,07:15:12,-19.9125,-43.9663167
VR29,19-02-2020,07:15:13,-19.9124833,-43.9662167
VR29,19-02-2020,07:15:14,-19.91245,-43.9661167
VR29,19-02-2020,07:15:15,-19.9124167,-43.9660167
VR29,19-02-2020,07:15:16,-19.9124,-43.9659
VR29,19-02-2020,07:15:17,-19.9123667,-43.9658167
VR29,19-02-2020,07:15:18,-19.91235,-43.9657
VR29,19-02-2020,07:15:19,-19.9123167,-43.9656
VR29,19-02-2020,08:04:00,-19.9136167,-43.9807
VR29,19-02-2020,08:04:01,-19.9136167,-43.9806167
VR29,19-02-2020,08:04:02,-19.9136167,-43.9805
VR29,19-02-2020,08:04:03,-19.9136,-43.9804167
VR29,19-02-2020,08:04:04,-19.9136,-43.98035
VR29,19-02-2020,08:04:05,-19.9136167,-43.9802667
VR29,19-02-2020,08:04:06,-19.9136167,-43.9802
VR29,19-02-2020,08:04:07,-19.9136167,-43.9801333
VR29,19-02-2020,08:04:08,-19.9136167,-43.9800833
VR29,19-02-2020,08:04:09,-19.9136167,-43.9800333
VR29,19-02-2020,08:04:10,-19.9136167,-43.9799833
VR29,19-02-2020,08:04:11,-19.9136167,-43.97995
VR29,19-02-2020,08:04:12,-19.9136167,-43.9799333
VR29,19-02-2020,08:04:13,-19.9136167,-43.9799333
VR29,19-02-2020,08:04:14,-19.9136333,-43.9799333
VR29,19-02-2020,08:04:15,-19.9136333,-43.9799333
VR29,19-02-2020,08:04:16,-19.9136333,-43.9799333
VR29,19-02-2020,08:04:17,-19.9136333,-43.9799333
VR29,19-02-2020,08:04:18,-19.9136333,-43.9799333
VR29,19-02-2020,08:04:19,-19.9136333,-43.9799333
VR29,19-02-2020,08:04:20,-19.9136333,-43.9799333
VR29,19-02-2020,08:04:21,-19.9136333,-43.9799333
VR29,19-02-2020,08:04:22,-19.9136333,-43.9799333
VR29,19-02-2020,08:04:23,-19.9136333,-43.9799333
VR29,19-02-2020,08:05:00,-19.9136333,-43.9799333
VR29,19-02-2020,08:05:01,-19.9136333,-43.9799333
VR29,19-02-2020,08:05:02,-19.9136333,-43.9799333
VR29,19-02-2020,08:05:03,-19.9136333,-43.9799333
VR29,19-02-2020,08:05:04,-19.9136333,-43.9799333
VR29,19-02-2020,08:05:05,-19.9136333,-43.9799333
VR29,19-02-2020,08:05:06,-19.9136167,-43.9799333
VR29,19-02-2020,08:05:07,-19.9136167,-43.9799333
VR29,19-02-2020,08:05:08,-19.9136167,-43.9799333
VR29,19-02-2020,08:05:09,-19.9136167,-43.9799333
VR29,19-02-2020,08:05:10,-19.9136167,-43.9799167
VR29,19-02-2020,08:05:11,-19.9136167,-43.9799
VR29,19-02-2020,08:05:12,-19.9136,-43.9798667
VR29,19-02-2020,08:05:13,-19.9136,-43.9798333
VR29,19-02-2020,08:05:14,-19.9136,-43.9797833
VR29,19-02-2020,08:05:15,-19.9136,-43.9797333
VR29,19-02-2020,08:05:16,-19.9136,-43.9796667
VR29,19-02-2020,08:05:17,-19.9135833,-43.9796
VR29,19-02-2020,08:05:18,-19.9136,-43.9795333
VR29,19-02-2020,08:05:19,-19.9136,-43.97945
VR29,19-02-2020,08:05:20,-19.9136,-43.97935
VR29,19-02-2020,08:05:21,-19.9136167,-43.9792667
VR29,19-02-2020,08:05:22,-19.9136167,-43.9791833
VR29,19-02-2020,08:05:23,-19.9136167,-43.9791
VR29,19-02-2020,08:05:24,-19.9136167,-43.979
VR29,19-02-2020,08:05:25,-19.9136167,-43.9789167
VR29,19-02-2020,08:05:26,-19.9136333,-43.9788167
VR29,19-02-2020,08:05:27,-19.9136333,-43.9787167
VR29,19-02-2020,08:05:28,-19.9136333,-43.9786167
VR29,19-02-2020,08:05:29,-19.9136333,-43.9785167
VR29,19-02-2020,08:05:30,-19.9136333,-43.9784167
VR29,19-02-2020,08:05:31,-19.9136333,-43.9783167
VR29,19-02-2020,08:05:32,-19.9136333,-43.9782167
VR29,19-02-2020,08:05:33,-19.9136333,-43.9781167
VR29,19-02-2020,08:05:34,-19.9136333,-43.9780167
VR29,19-02-2020,08:05:35,-19.91365,-43.9779167
VR29,19-02-2020,08:05:36,-19.91365,-43.9778167
VR29,19-02-2020,08:05:37,-19.9136667,-43.9777167
VR29,19-02-2020,08:05:38,-19.9136667,-43.9776333
VR29,19-02-2020,08:05:39,-19.9136667,-43.97755
VR29,19-02-2020,08:05:40,-19.9136833,-43.9774833
VR29,19-02-2020,08:05:41,-19.9136833,-43.9774
VR29,19-02-2020,08:05:42,-19.9136833,-43.9773167
VR29,19-02-2020,08:05:43,-19.9137,-43.9772333
VR29,19-02-2020,08:05:44,-19.9137,-43.97715
VR29,19-02-2020,08:05:45,-19.9137,-43.9770667
VR29,19-02-2020,08:05:46,-19.9137,-43.9769833
VR29,19-02-2020,08:05:47,-19.9137,-43.9768833
VR29,19-02-2020,08:05:48,-19.9137,-43.9768
VR29,19-02-2020,08:05:49,-19.9137,-43.9767
VR29,19-02-2020,08:05:50,-19.9137,-43.9766167
VR29,19-02-2020,08:05:51,-19.9137,-43.9765167
VR29,19-02-2020,08:05:52,-19.9137,-43.9764167
VR29,19-02-2020,08:05:53,-19.9137,-43.9763167
VR29,19-02-2020,08:05:54,-19.9137,-43.9762167
VR29,19-02-2020,08:05:55,-19.9137,-43.9761167
VR29,19-02-2020,08:05:56,-19.9137167,-43.9760167
VR29,19-02-2020,08:05:57,-19.9137167,-43.9759167
VR29,19-02-2020,08:05:58,-19.9137167,-43.9758167
VR29,19-02-2020,08:05:59,-19.9137167,-43.9757167
VR29,19-02-2020,08:06:00,-19.9137167,-43.9756167
VR29,19-02-2020,08:06:01,-19.9137333,-43.9755333
VR29,19-02-2020,08:06:02,-19.9137333,-43.9754333
VR29,19-02-2020,08:06:03,-19.9137333,-43.97535
VR29,19-02-2020,08:06:04,-19.9137333,-43.97525
VR29,19-02-2020,08:06:05,-19.9137333,-43.9751667
VR29,19-02-2020,08:06:06,-19.91375,-43.9750667
VR29,19-02-2020,08:06:07,-19.91375,-43.9749833
VR29,19-02-2020,08:06:08,-19.91375,-43.9748833
VR29,19-02-2020,08:06:09,-19.91375,-43.9747833
VR29,19-02-2020,08:06:10,-19.91375,-43.9747
VR29,19-02-2020,08:06:11,-19.9137667,-43.9746
VR29,19-02-2020,08:06:12,-19.9137667,-43.9745
VR29,19-02-2020,08:06:13,-19.9137667,-43.9744167
VR29,19-02-2020,08:06:14,-19.9137667,-43.9743167
VR29,19-02-2020,08:06:15,-19.9137667,-43.9742167
VR29,19-02-2020,08:06:16,-19.9137667,-43.9741167
VR29,19-02-2020,08:06:17,-19.9137833,-43.9740167
VR29,19-02-2020,08:06:18,-19.9137833,-43.9739167
VR29,19-02-2020,08:06:19,-19.9138,-43.9738167
VR29,19-02-2020,08:06:20,-19.9138,-43.9737167
VR29,19-02-2020,08:06:21,-19.9138,-43.9736167
VR29,19-02-2020,08:06:22,-19.9138167,-43.9735167
VR29,19-02-2020,08:06:23,-19.9138167,-43.9734167
VR29,19-02-2020,08:06:24,-19.9138333,-43.9733167
VR29,19-02-2020,08:06:25,-19.9138333,-43.9732167
VR29,19-02-2020,08:06:26,-19.91385,-43.9731167
VR29,19-02-2020,08:06:27,-19.91385,-43.9730167
VR29,19-02-2020,08:06:28,-19.91385,-43.9729167
VR29,19-02-2020,08:06:29,-19.9138667,-43.9728333
VR29,19-02-2020,08:06:30,-19.9138667,-43.9727333
VR29,19-02-2020,08:06:31,-19.9138667,-43.9726333
VR29,19-02-2020,08:06:32,-19.9138833,-43.97255
VR29,19-02-2020,08:06:33,-19.9138833,-43.97245
VR29,19-02-2020,08:06:34,-19.9139,-43.9723667
VR29,19-02-2020,08:06:35,-19.9139,-43.9722833
VR29,19-02-2020,08:06:36,-19.9139167,-43.9722167
VR29,19-02-2020,08:06:37,-19.9139333,-43.9721667
VR29,19-02-2020,08:06:38,-19.91395,-43.97215
VR29,19-02-2020,08:06:39,-19.91395,-43.97215
VR29,19-02-2020,08:06:40,-19.91395,-43.97215
VR29,19-02-2020,08:06:41,-19.9139667,-43.97215
VR29,19-02-2020,08:06:42,-19.9139667,-43.97215
VR29,19-02-2020,08:06:43,-19.91395,-43.97215
VR29,19-02-2020,08:06:44,-19.91395,-43.97215
VR29,19-02-2020,08:06:45,-19.91395,-43.97215
VR29,19-02-2020,08:06:46,-19.91395,-43.97215
VR29,19-02-2020,08:06:47,-19.91395,-43.97215
VR29,19-02-2020,08:06:48,-19.91395,-43.97215
VR29,19-02-2020,08:06:49,-19.91395,-43.9721667
VR29,19-02-2020,08:06:50,-19.91395,-43.9721667
VR29,19-02-2020,08:06:51,-19.91395,-43.9721667
VR29,19-02-2020,08:06:52,-19.91395,-43.9721667
VR29,19-02-2020,08:06:53,-19.91395,-43.9721667
VR29,19-02-2020,08:06:54,-19.91395,-43.9721667
VR29,19-02-2020,08:06:55,-19.91395,-43.9721667
VR29,19-02-2020,08:06:56,-19.91395,-43.9721667
VR29,19-02-2020,08:06:57,-19.91395,-43.9721667
VR29,19-02-2020,08:06:58,-19.91395,-43.9721667
VR29,19-02-2020,08:06:59,-19.91395,-43.9721667
VR29,19-02-2020,08:07:00,-19.91395,-43.9721667
VR29,19-02-2020,08:07:01,-19.91395,-43.9721667
VR29,19-02-2020,08:07:02,-19.91395,-43.9721667
VR29,19-02-2020,08:07:03,-19.91395,-43.9721667
VR29,19-02-2020,08:07:04,-19.91395,-43.9721667
VR29,19-02-2020,08:07:05,-19.91395,-43.9721667
VR29,19-02-2020,08:07:06,-19.91395,-43.9721667
VR29,19-02-2020,08:07:07,-19.91395,-43.97215
VR29,19-02-2020,08:07:08,-19.9139167,-43.9721333
VR29,19-02-2020,08:07:09,-19.9139167,-43.9720833
VR29,19-02-2020,08:07:10,-19.9139167,-43.9720167
VR29,19-02-2020,08:07:11,-19.9139333,-43.97195
VR29,19-02-2020,08:07:12,-19.9139167,-43.9719167
VR29,19-02-2020,08:07:13,-19.9139167,-43.9718667
VR29,19-02-2020,08:07:14,-19.9139,-43.9717667
VR29,19-02-2020,08:07:15,-19.9138833,-43.9716833
VR29,19-02-2020,08:07:16,-19.9138667,-43.9716
VR29,19-02-2020,08:07:17,-19.9138333,-43.9715167
VR29,19-02-2020,08:07:18,-19.9138,-43.9714167
VR29,19-02-2020,08:07:19,-19.9137833,-43.9713333
VR29,19-02-2020,08:07:20,-19.91375,-43.9712333
VR29,19-02-2020,08:07:21,-19.9137167,-43.9711333
VR29,19-02-2020,08:07:22,-19.9136833,-43.9710333
VR29,19-02-2020,08:07:23,-19.91365,-43.97095
VR29,19-02-2020,08:07:24,-19.9136333,-43.9708667
VR29,19-02-2020,08:07:25,-19.9136167,-43.9707667
VR29,19-02-2020,08:07:26,-19.9135833,-43.9706667
VR29,19-02-2020,08:07:27,-19.91355,-43.9706
VR29,19-02-2020,08:07:28,-19.9135167,-43.9704833
VR29,19-02-2020,08:07:29,-19.9135,-43.9704167
VR29,19-02-2020,08:07:30,-19.9134667,-43.9703167
VR29,19-02-2020,08:07:31,-19.9134333,-43.9702333
VR29,19-02-2020,08:07:32,-19.9134167,-43.97015
VR29,19-02-2020,08:07:33,-19.9134,-43.9700833
VR29,19-02-2020,08:07:34,-19.9133833,-43.9699667
VR29,19-02-2020,08:07:35,-19.91335,-43.9698833
VR29,19-02-2020,08:07:36,-19.9133167,-43.9698
VR29,19-02-2020,08:07:37,-19.9132833,-43.9697333
VR29,19-02-2020,08:07:38,-19.9132667,-43.96965
VR29,19-02-2020,08:07:39,-19.91325,-43.9695833
VR29,19-02-2020,08:07:40,-19.9132167,-43.9695167
VR29,19-02-2020,08:07:41,-19.9132,-43.9694667
VR29,19-02-2020,08:07:42,-19.9132,-43.9694167
VR29,19-02-2020,08:07:43,-19.9131833,-43.9693667
VR29,19-02-2020,08:07:44,-19.9131833,-43.9693167
VR29,19-02-2020,08:07:45,-19.9131833,-43.9692833
VR29,19-02-2020,08:07:46,-19.9131833,-43.96925
VR29,19-02-2020,08:07:47,-19.9131667,-43.9692333
VR29,19-02-2020,08:07:48,-19.9131667,-43.9692167
VR29,19-02-2020,08:07:49,-19.9131667,-43.9692
VR29,19-02-2020,08:07:50,-19.9131833,-43.9691833
VR29,19-02-2020,08:07:51,-19.9131667,-43.9691833
VR29,19-02-2020,08:07:52,-19.9131833,-43.9691833
VR29,19-02-2020,08:07:53,-19.9131833,-43.9691833
VR29,19-02-2020,08:07:54,-19.9131833,-43.9691667
VR29,19-02-2020,08:07:55,-19.9131667,-43.9691667
VR29,19-02-2020,08:07:56,-19.9131667,-43.96915
VR29,19-02-2020,08:07:57,-19.9131667,-43.9691333
VR29,19-02-2020,08:07:58,-19.9131667,-43.9691167
VR29,19-02-2020,08:07:59,-19.91315,-43.9691
VR29,19-02-2020,08:08:00,-19.91315,-43.9690833
VR29,19-02-2020,08:08:01,-19.91315,-43.9690667
VR29,19-02-2020,08:08:02,-19.9131333,-43.9690333
VR29,19-02-2020,08:08:03,-19.9131167,-43.969
VR29,19-02-2020,08:08:04,-19.9131,-43.96895
VR29,19-02-2020,08:08:05,-19.9131,-43.9689
VR29,19-02-2020,08:08:06,-19.9130833,-43.96885
VR29,19-02-2020,08:08:07,-19.9130667,-43.9688
VR29,19-02-2020,08:08:08,-19.91305,-43.96875
VR29,19-02-2020,08:08:09,-19.9130333,-43.9687
VR29,19-02-2020,08:08:10,-19.9130333,-43.96865
VR29,19-02-2020,08:08:11,-19.9130167,-43.9685833
VR29,19-02-2020,08:08:12,-19.9130167,-43.9685333
VR29,19-02-2020,08:08:13,-19.913,-43.9684833
VR29,19-02-2020,08:08:14,-19.9129833,-43.9684333
VR29,19-02-2020,08:08:15,-19.9129667,-43.9683667
VR29,19-02-2020,08:08:16,-19.9129667,-43.9683
VR29,19-02-2020,08:08:17,-19.9129333,-43.9682333
VR29,19-02-2020,08:08:18,-19.9129167,-43.9681667
VR29,19-02-2020,08:08:19,-19.9129,-43.9680833
VR29,19-02-2020,08:08:20,-19.9128667,-43.9680167
VR29,19-02-2020,08:08:21,-19.91285,-43.9679333
VR29,19-02-2020,08:08:22,-19.9128333,-43.9678667
VR29,19-02-2020,08:08:23,-19.9128167,-43.9678
VR29,19-02-2020,08:08:24,-19.9128167,-43.96775
VR29,19-02-2020,08:08:25,-19.9128,-43.9677167
VR29,19-02-2020,08:08:26,-19.9128,-43.9677
VR29,19-02-2020,08:08:27,-19.9128167,-43.9677
VR29,19-02-2020,08:08:28,-19.9128167,-43.9677
VR29,19-02-2020,08:08:29,-19.9128167,-43.9677
VR29,19-02-2020,08:08:30,-19.9128167,-43.9677167
VR29,19-02-2020,08:08:31,-19.9128167,-43.9677167
VR29,19-02-2020,08:08:32,-19.9128167,-43.9677167
VR29,19-02-2020,08:08:33,-19.9128167,-43.9677167
VR29,19-02-2020,08:08:34,-19.9128,-43.9677167
VR29,19-02-2020,08:08:35,-19.9128,-43.9677167
VR29,19-02-2020,08:08:36,-19.9128,-43.9677167
VR29,19-02-2020,08:08:37,-19.9128,-43.9677167
VR29,19-02-2020,08:08:38,-19.9128,-43.9677167
VR29,19-02-2020,08:08:39,-19.9128,-43.9677167
VR29,19-02-2020,08:08:40,-19.9128,-43.9677167
VR29,19-02-2020,08:08:41,-19.9128,-43.9677167
VR29,19-02-2020,08:08:42,-19.9128,-43.9677167
VR29,19-02-2020,08:08:43,-19.9128,-43.9677167
VR29,19-02-2020,08:08:44,-19.9128,-43.9677167
VR29,19-02-2020,08:08:45,-19.9128,-43.9677167
VR29,19-02-2020,08:08:46,-19.9128,-43.9677333
VR29,19-02-2020,08:08:47,-19.9128,-43.9677333
VR29,19-02-2020,08:08:48,-19.9128,-43.9677333
VR29,19-02-2020,08:08:49,-19.9128,-43.9677333
VR29,19-02-2020,08:08:50,-19.9128,-43.9677333
VR29,19-02-2020,08:08:51,-19.9128,-43.9677333
VR29,19-02-2020,08:08:52,-19.9128,-43.9677333
VR29,19-02-2020,08:08:53,-19.9128,-43.9677333
VR29,19-02-2020,08:08:54,-19.9128,-43.9677333
VR29,19-02-2020,08:08:55,-19.9128,-43.9677333
VR29,19-02-2020,08:08:56,-19.9128,-43.9677333
VR29,19-02-2020,08:08:57,-19.9128,-43.9677333
VR29,19-02-2020,08:08:58,-19.9128,-43.9677333
VR29,19-02-2020,08:08:59,-19.9128,-43.9677333
VR29,19-02-2020,08:09:00,-19.9128,-43.9677333
VR29,19-02-2020,08:09:01,-19.9128,-43.9677333
VR29,19-02-2020,08:09:02,-19.9128167,-43.9677167
VR29,19-02-2020,08:09:03,-19.9128167,-43.9677167
VR29,19-02-2020,08:09:04,-19.9128167,-43.9677167
VR29,19-02-2020,08:09:05,-19.9128,-43.9677167
VR29,19-02-2020,08:09:06,-19.9128,-43.9677
VR29,19-02-2020,08:09:07,-19.9128,-43.9676833
VR29,19-02-2020,08:09:08,-19.9128,-43.96765
VR29,19-02-2020,08:09:09,-19.9127833,-43.9675833
VR29,19-02-2020,08:09:10,-19.9127667,-43.9675333
VR29,19-02-2020,08:09:11,-19.9127667,-43.9674667
VR29,19-02-2020,08:09:12,-19.91275,-43.9674
VR29,19-02-2020,08:09:13,-19.91275,-43.96735
VR29,19-02-2020,08:09:14,-19.9127333,-43.9672833
VR29,19-02-2020,08:09:15,-19.9127,-43.9672
VR29,19-02-2020,08:09:16,-19.9127,-43.9671167
VR29,19-02-2020,08:09:17,-19.9126667,-43.9670333
VR29,19-02-2020,08:09:18,-19.91265,-43.96695
VR29,19-02-2020,08:09:19,-19.9126333,-43.96685
VR29,19-02-2020,08:09:20,-19.9126,-43.9667667
VR29,19-02-2020,08:09:21,-19.9125833,-43.9666667
VR29,19-02-2020,08:09:22,-19.9125667,-43.9665833
VR29,19-02-2020,08:09:23,-19.9125333,-43.9664833
VR29,19-02-2020,08:09:24,-19.9125167,-43.9664
VR29,19-02-2020,08:09:25,-19.9125,-43.9663
VR29,19-02-2020,08:09:26,-19.9124833,-43.9662
VR29,19-02-2020,08:09:27,-19.9124667,-43.9661167
VR29,19-02-2020,08:09:28,-19.9124333,-43.9660167
VR29,19-02-2020,08:09:29,-19.9124167,-43.9659333
VR29,19-02-2020,08:09:30,-19.9123833,-43.9658333
VR29,19-02-2020,08:09:31,-19.9123667,-43.96575
VR29,19-02-2020,16:08:00,-19.9136167,-43.9806833
VR29,19-02-2020,16:08:01,-19.9136,-43.98065
VR29,19-02-2020,16:08:02,-19.9135833,-43.9805833
VR29,19-02-2020,16:08:03,-19.9136,-43.9805333
VR29,19-02-2020,16:08:04,-19.9136,-43.9804667
VR29,19-02-2020,16:08:05,-19.9136,-43.9804
VR29,19-02-2020,16:08:06,-19.9136,-43.9803167
VR29,19-02-2020,16:08:07,-19.9136,-43.98025
VR29,19-02-2020,16:08:08,-19.9136167,-43.9801667
VR29,19-02-2020,16:08:09,-19.9136167,-43.9800667
VR29,19-02-2020,16:08:10,-19.9136167,-43.9799833
VR29,19-02-2020,16:08:11,-19.9136167,-43.9798833
VR29,19-02-2020,16:08:12,-19.9136167,-43.9797833
VR29,19-02-2020,16:08:13,-19.9136333,-43.9796833
VR29,19-02-2020,16:08:14,-19.9136333,-43.9795833
VR29,19-02-2020,16:08:15,-19.9136333,-43.9794667
VR29,19-02-2020,16:08:16,-19.9136333,-43.9793667
VR29,19-02-2020,16:08:17,-19.91365,-43.97925
VR29,19-02-2020,16:08:18,-19.91365,-43.9791333
VR29,19-02-2020,16:08:19,-19.91365,-43.9790333
VR29,19-02-2020,16:08:20,-19.91365,-43.9789167
VR29,19-02-2020,16:08:21,-19.91365,-43.9788
VR29,19-02-2020,16:08:22,-19.91365,-43.9787
VR29,19-02-2020,16:08:23,-19.91365,-43.9785833
VR29,19-02-2020,16:08:24,-19.9136667,-43.9784833
VR29,19-02-2020,16:08:25,-19.9136667,-43.9783833
VR29,19-02-2020,16:08:26,-19.9136667,-43.9782667
VR29,19-02-2020,16:08:27,-19.9136667,-43.9781667
VR29,19-02-2020,16:08:28,-19.9136833,-43.97805
VR29,19-02-2020,16:08:29,-19.9136833,-43.97795
VR29,19-02-2020,16:08:30,-19.9136833,-43.9778333
VR29,19-02-2020,16:08:31,-19.9136833,-43.9777167
VR29,19-02-2020,16:08:32,-19.9136833,-43.9776167
VR29,19-02-2020,16:08:33,-19.9136833,-43.9775167
VR29,19-02-2020,16:08:34,-19.9137,-43.9774167
VR29,19-02-2020,16:08:35,-19.9137,-43.9773
VR29,19-02-2020,16:08:36,-19.9137,-43.9772
VR29,19-02-2020,16:08:37,-19.9137,-43.9771
VR29,19-02-2020,16:08:38,-19.9137,-43.977
VR29,19-02-2020,16:08:39,-19.9137,-43.9769167
VR29,19-02-2020,16:08:40,-19.9137,-43.9768333
VR29,19-02-2020,16:08:41,-19.9137,-43.9767667
VR29,19-02-2020,16:08:42,-19.9137,-43.9767167
VR29,19-02-2020,16:08:43,-19.9137,-43.9766833
VR29,19-02-2020,16:08:44,-19.9137,-43.9766667
VR29,19-02-2020,16:08:45,-19.9137,-43.9766667
VR29,19-02-2020,16:08:46,-19.9137,-43.9766667
VR29,19-02-2020,16:08:47,-19.9137,-43.9766667
VR29,19-02-2020,16:08:48,-19.9137,-43.9766833
VR29,19-02-2020,16:08:49,-19.9137,-43.9766833
VR29,19-02-2020,16:08:50,-19.9137,-43.9766833
VR29,19-02-2020,16:08:51,-19.9137,-43.9766833
VR29,19-02-2020,16:08:52,-19.9137167,-43.9766833
VR29,19-02-2020,16:08:53,-19.9137167,-43.9766833
VR29,19-02-2020,16:08:54,-19.9137167,-43.9766833
VR29,19-02-2020,16:08:55,-19.9137167,-43.9766833
VR29,19-02-2020,16:08:56,-19.9137167,-43.9767
VR29,19-02-2020,16:08:57,-19.9137167,-43.9767
VR29,19-02-2020,16:08:58,-19.9137167,-43.9767
VR29,19-02-2020,16:09:00,-19.9137167,-43.9767
VR29,19-02-2020,16:09:01,-19.9137167,-43.9767
VR29,19-02-2020,16:09:02,-19.9137167,-43.9767
VR29,19-02-2020,16:09:03,-19.9137167,-43.9767
VR29,19-02-2020,16:09:04,-19.9137167,-43.9767
VR29,19-02-2020,16:09:05,-19.9137167,-43.9767
VR29,19-02-2020,16:09:06,-19.9137167,-43.9767
VR29,19-02-2020,16:09:07,-19.9137167,-43.9767
VR29,19-02-2020,16:09:08,-19.9137167,-43.9767
VR29,19-02-2020,16:09:09,-19.9137167,-43.9767167
VR29,19-02-2020,16:09:10,-19.9137167,-43.9767167
VR29,19-02-2020,16:09:11,-19.9137167,-43.9767167
VR29,19-02-2020,16:09:12,-19.9137167,-43.9767167
VR29,19-02-2020,16:09:13,-19.9137167,-43.9767167
VR29,19-02-2020,16:09:14,-19.9137167,-43.9767167
VR29,19-02-2020,16:09:15,-19.9137167,-43.9767167
VR29,19-02-2020,16:09:16,-19.9137167,-43.9767167
VR29,19-02-2020,16:09:17,-19.9137167,-43.9767167
VR29,19-02-2020,16:09:18,-19.9137167,-43.9767167
VR29,19-02-2020,16:09:19,-19.9137167,-43.9767167
VR29,19-02-2020,16:09:20,-19.9137167,-43.9767167
VR29,19-02-2020,16:09:21,-19.9137167,-43.9767167
VR29,19-02-2020,16:09:22,-19.9137167,-43.9767
VR29,19-02-2020,16:09:23,-19.9137167,-43.9767
VR29,19-02-2020,16:09:24,-19.9137167,-43.9766833
VR29,19-02-2020,16:09:25,-19.9137167,-43.9766667
VR29,19-02-2020,16:09:26,-19.9137167,-43.9766333
VR29,19-02-2020,16:09:27,-19.9137167,-43.9766
VR29,19-02-2020,16:09:28,-19.9137167,-43.97655
VR29,19-02-2020,16:09:29,-19.9137167,-43.9765167
VR29,19-02-2020,16:09:30,-19.9137167,-43.9764667
VR29,19-02-2020,16:09:31,-19.9137333,-43.9764167
VR29,19-02-2020,16:09:32,-19.9137333,-43.97635
VR29,19-02-2020,16:09:33,-19.9137333,-43.9762833
VR29,19-02-2020,16:09:34,-19.9137333,-43.9762167
VR29,19-02-2020,16:09:35,-19.9137333,-43.9761333
VR29,19-02-2020,16:09:36,-19.9137333,-43.97605
VR29,19-02-2020,16:09:37,-19.9137333,-43.9759667
VR29,19-02-2020,16:09:38,-19.9137333,-43.9758667
VR29,19-02-2020,16:09:39,-19.91375,-43.9757833
VR29,19-02-2020,16:09:40,-19.91375,-43.9756833
VR29,19-02-2020,16:09:41,-19.91375,-43.9756
VR29,19-02-2020,16:09:42,-19.91375,-43.9755
VR29,19-02-2020,16:09:43,-19.91375,-43.9754167
VR29,19-02-2020,16:09:44,-19.91375,-43.9753333
VR29,19-02-2020,16:09:45,-19.91375,-43.9752333
VR29,19-02-2020,16:09:46,-19.91375,-43.97515
VR29,19-02-2020,16:09:47,-19.91375,-43.97505
VR29,19-02-2020,16:09:48,-19.9137667,-43.9749667
VR29,19-02-2020,16:09:49,-19.9137667,-43.9748667
VR29,19-02-2020,16:09:50,-19.9137667,-43.9747667
VR29,19-02-2020,16:09:51,-19.9137667,-43.9746667
VR29,19-02-2020,16:09:52,-19.9137667,-43.9745667
VR29,19-02-2020,16:09:53,-19.9137833,-43.97445
VR29,19-02-2020,16:09:54,-19.9137833,-43.97435
VR29,19-02-2020,16:09:55,-19.9137833,-43.97425
VR29,19-02-2020,16:09:56,-19.9138,-43.97415
VR29,19-02-2020,16:09:57,-19.9138,-43.9740333
VR29,19-02-2020,16:09:58,-19.9138,-43.9739333
VR29,19-02-2020,16:09:59,-19.9138,-43.9738333
VR29,19-02-2020,16:10:00,-19.9138167,-43.9737167
VR29,19-02-2020,16:10:01,-19.9138167,-43.9736167
VR29,19-02-2020,16:10:02,-19.9138167,-43.9735167
VR29,19-02-2020,16:10:03,-19.9138333,-43.9734167
VR29,19-02-2020,16:10:04,-19.9138333,-43.97335
VR29,19-02-2020,16:10:05,-19.9138333,-43.9732833
VR29,19-02-2020,16:10:06,-19.9138333,-43.9732667
VR29,19-02-2020,16:10:07,-19.9138333,-43.97325
VR29,19-02-2020,16:10:08,-19.9138333,-43.9732333
VR29,19-02-2020,16:10:09,-19.9138333,-43.97325
VR29,19-02-2020,16:10:10,-19.9138333,-43.97325
VR29,19-02-2020,16:10:11,-19.9138333,-43.97325
VR29,19-02-2020,16:10:12,-19.9138333,-43.97325
VR29,19-02-2020,16:10:13,-19.9138333,-43.9732667
VR29,19-02-2020,16:10:14,-19.9138333,-43.9732667
VR29,19-02-2020,16:10:15,-19.9138333,-43.9732667
VR29,19-02-2020,16:10:16,-19.9138333,-43.9732667
VR29,19-02-2020,16:10:17,-19.9138333,-43.9732667
VR29,19-02-2020,16:10:18,-19.9138333,-43.9732667
VR29,19-02-2020,16:10:19,-19.9138333,-43.9732667
VR29,19-02-2020,16:10:20,-19.9138333,-43.9732667
VR29,19-02-2020,16:10:21,-19.9138333,-43.9732667
VR29,19-02-2020,16:10:22,-19.9138333,-43.9732667
VR29,19-02-2020,16:10:23,-19.9138333,-43.9732667
VR29,19-02-2020,16:10:24,-19.9138333,-43.9732667
VR29,19-02-2020,16:10:25,-19.9138333,-43.9732667
VR29,19-02-2020,16:10:26,-19.9138333,-43.9732667
VR29,19-02-2020,16:10:27,-19.9138333,-43.9732667
VR29,19-02-2020,16:10:28,-19.9138333,-43.9732667
VR29,19-02-2020,16:10:29,-19.9138333,-43.9732667
VR29,19-02-2020,16:10:30,-19.9138333,-43.9732667
VR29,19-02-2020,16:10:31,-19.9138333,-43.9732667
VR29,19-02-2020,16:10:32,-19.9138333,-43.9732667
VR29,19-02-2020,16:10:33,-19.9138333,-43.9732667
VR29,19-02-2020,16:10:34,-19.9138333,-43.9732667
VR29,19-02-2020,16:10:35,-19.9138333,-43.9732667
VR29,19-02-2020,16:10:36,-19.9138333,-43.9732667
VR29,19-02-2020,16:10:37,-19.9138333,-43.9732667
VR29,19-02-2020,16:10:38,-19.9138333,-43.9732667
VR29,19-02-2020,16:10:39,-19.9138333,-43.9732667
VR29,19-02-2020,16:10:40,-19.9138333,-43.97325
VR29,19-02-2020,16:10:41,-19.9138333,-43.9732333
VR29,19-02-2020,16:10:42,-19.9138333,-43.9732167
VR29,19-02-2020,16:10:43,-19.9138333,-43.9731833
VR29,19-02-2020,16:10:44,-19.91385,-43.97315
VR29,19-02-2020,16:10:45,-19.91385,-43.9730833
VR29,19-02-2020,16:10:46,-19.91385,-43.9730333
VR29,19-02-2020,16:10:47,-19.91385,-43.9729667
VR29,19-02-2020,16:10:48,-19.9138667,-43.9729
VR29,19-02-2020,16:10:49,-19.9138667,-43.9728333
VR29,19-02-2020,16:10:50,-19.9138667,-43.97275
VR29,19-02-2020,16:10:51,-19.9138833,-43.9726667
VR29,19-02-2020,16:10:52,-19.9138833,-43.9725667
VR29,19-02-2020,16:10:53,-19.9138833,-43.9725
VR29,19-02-2020,16:10:54,-19.9139,-43.9724167
VR29,19-02-2020,16:10:55,-19.9139,-43.9723333
VR29,19-02-2020,16:10:56,-19.9139,-43.9722667
VR29,19-02-2020,16:10:57,-19.9139,-43.9722
VR29,19-02-2020,16:10:58,-19.9139167,-43.9721333
VR29,19-02-2020,16:10:59,-19.9139167,-43.9720667
VR29,19-02-2020,16:11:00,-19.9139167,-43.9720333
VR29,19-02-2020,16:11:01,-19.9139167,-43.9720167
VR29,19-02-2020,16:11:02,-19.9139167,-43.972
VR29,19-02-2020,16:11:03,-19.9139167,-43.972
VR29,19-02-2020,16:11:04,-19.9139167,-43.972
VR29,19-02-2020,16:11:05,-19.9139167,-43.972
VR29,19-02-2020,16:11:06,-19.9139167,-43.972
VR29,19-02-2020,16:11:07,-19.9139167,-43.972
VR29,19-02-2020,16:11:08,-19.9139167,-43.972
VR29,19-02-2020,16:11:09,-19.9139167,-43.972
VR29,19-02-2020,16:11:10,-19.9139167,-43.972
VR29,19-02-2020,16:11:11,-19.9139167,-43.972
VR29,19-02-2020,16:11:12,-19.9139167,-43.972
VR29,19-02-2020,16:11:13,-19.9139167,-43.972
VR29,19-02-2020,16:11:14,-19.9139167,-43.972
VR29,19-02-2020,16:11:15,-19.9139167,-43.972
VR29,19-02-2020,16:11:16,-19.9139167,-43.972
VR29,19-02-2020,16:11:17,-19.9139167,-43.972
VR29,19-02-2020,16:11:18,-19.9139167,-43.9719833
VR29,19-02-2020,16:11:19,-19.9139167,-43.9719667
VR29,19-02-2020,16:11:20,-19.9139167,-43.9719333
VR29,19-02-2020,16:11:21,-19.9139167,-43.9719
VR29,19-02-2020,16:11:22,-19.9139167,-43.9718667
VR29,19-02-2020,16:11:23,-19.9139167,-43.9718
VR29,19-02-2020,16:11:24,-19.9139,-43.97175
VR29,19-02-2020,16:11:25,-19.9138833,-43.9716667
VR29,19-02-2020,16:11:26,-19.91385,-43.9715833
VR29,19-02-2020,16:11:27,-19.9138333,-43.9715
VR29,19-02-2020,16:11:28,-19.9138,-43.9714
VR29,19-02-2020,16:11:29,-19.9137667,-43.9713
VR29,19-02-2020,16:11:30,-19.9137333,-43.9712
VR29,19-02-2020,16:11:31,-19.9137167,-43.9710833
VR29,19-02-2020,16:11:32,-19.9136833,-43.9709833
VR29,19-02-2020,16:11:33,-19.91365,-43.9708833
VR29,19-02-2020,16:11:34,-19.9136167,-43.9707667
VR29,19-02-2020,16:11:35,-19.9135833,-43.97065
VR29,19-02-2020,16:11:36,-19.91355,-43.97055
VR29,19-02-2020,16:11:37,-19.9135167,-43.9704333
VR29,19-02-2020,16:11:38,-19.9134833,-43.9703333
VR29,19-02-2020,16:11:39,-19.91345,-43.9702333
VR29,19-02-2020,16:11:40,-19.9134167,-43.9701333
VR29,19-02-2020,16:11:41,-19.9133833,-43.9700333
VR29,19-02-2020,16:11:42,-19.91335,-43.9699333
VR29,19-02-2020,16:11:43,-19.9133333,-43.9698333
VR29,19-02-2020,16:11:44,-19.9133,-43.9697333
VR29,19-02-2020,16:11:45,-19.9132667,-43.9696333
VR29,19-02-2020,16:11:46,-19.91325,-43.9695167
VR29,19-02-2020,16:11:47,-19.9132167,-43.9694167
VR29,19-02-2020,16:11:48,-19.9132,-43.9693167
VR29,19-02-2020,16:11:49,-19.9131667,-43.9692167
VR29,19-02-2020,16:11:50,-19.91315,-43.9691167
VR29,19-02-2020,16:11:51,-19.9131333,-43.9690167
VR29,19-02-2020,16:11:52,-19.9131,-43.9689333
VR29,19-02-2020,16:11:53,-19.9130833,-43.9688333
VR29,19-02-2020,16:11:54,-19.9130667,-43.96875
VR29,19-02-2020,16:11:55,-19.91305,-43.96865
VR29,19-02-2020,16:11:56,-19.9130167,-43.9685667
VR29,19-02-2020,16:11:57,-19.913,-43.9684833
VR29,19-02-2020,16:11:58,-19.9129833,-43.9683833
VR29,19-02-2020,16:11:59,-19.91295,-43.9683
VR29,19-02-2020,16:12:00,-19.9129333,-43.9682167
VR29,19-02-2020,16:12:01,-19.9129333,-43.9681667
VR29,19-02-2020,16:12:02,-19.9129167,-43.9681167
VR29,19-02-2020,16:12:03,-19.9129167,-43.9680833
VR29,19-02-2020,16:12:04,-19.9129167,-43.9680667
VR29,19-02-2020,16:12:05,-19.9129,-43.96805
VR29,19-02-2020,16:12:06,-19.9129,-43.9680667
VR29,19-02-2020,16:12:07,-19.9129,-43.9680667
VR29,19-02-2020,16:12:08,-19.9129,-43.96805
VR29,19-02-2020,16:12:09,-19.9129,-43.96805
VR29,19-02-2020,16:12:10,-19.9129,-43.96805
VR29,19-02-2020,16:12:11,-19.9129,-43.96805
VR29,19-02-2020,16:12:12,-19.9129,-43.96805
VR29,19-02-2020,16:12:13,-19.9129,-43.96805
VR29,19-02-2020,16:12:14,-19.9129,-43.96805
VR29,19-02-2020,16:12:15,-19.9129,-43.96805
VR29,19-02-2020,16:12:16,-19.9129,-43.96805
VR29,19-02-2020,16:12:17,-19.9129,-43.9680333
VR29,19-02-2020,16:12:18,-19.9129167,-43.9680333
VR29,19-02-2020,16:12:19,-19.9129167,-43.9680333
VR29,19-02-2020,16:12:20,-19.9129167,-43.9680333
VR29,19-02-2020,16:12:21,-19.9129167,-43.9680333
VR29,19-02-2020,16:12:22,-19.9129167,-43.9680333
VR29,19-02-2020,16:12:23,-19.9129167,-43.9680333
VR29,19-02-2020,16:12:24,-19.9129167,-43.9680333
VR29,19-02-2020,16:12:25,-19.9129167,-43.9680333
VR29,19-02-2020,16:12:26,-19.9129167,-43.9680167
VR29,19-02-2020,16:12:27,-19.9129,-43.968
VR29,19-02-2020,16:12:28,-19.9129,-43.9679833
VR29,19-02-2020,16:12:29,-19.9128833,-43.96795
VR29,19-02-2020,16:12:30,-19.9128833,-43.9679167
VR29,19-02-2020,16:12:31,-19.9128667,-43.9678667
VR29,19-02-2020,16:12:32,-19.91285,-43.9678
VR29,19-02-2020,16:12:33,-19.9128333,-43.96775
VR29,19-02-2020,16:12:34,-19.9128167,-43.9676833
VR29,19-02-2020,16:12:35,-19.9128,-43.9676167
VR29,19-02-2020,16:12:36,-19.9127833,-43.9675333
VR29,19-02-2020,16:12:37,-19.9127667,-43.96745
VR29,19-02-2020,16:12:38,-19.91275,-43.9673667
VR29,19-02-2020,16:12:39,-19.9127333,-43.9672667
VR29,19-02-2020,16:12:40,-19.9127,-43.9671667
VR29,19-02-2020,16:12:41,-19.9126833,-43.9670667
VR29,19-02-2020,16:12:42,-19.91265,-43.9669667
VR29,19-02-2020,16:12:43,-19.9126333,-43.9668667
VR29,19-02-2020,16:12:44,-19.9126167,-43.9667667
VR29,19-02-2020,16:12:45,-19.9125833,-43.9666667
VR29,19-02-2020,16:12:46,-19.9125667,-43.9665667
VR29,19-02-2020,16:12:47,-19.91255,-43.9664667
VR29,19-02-2020,16:12:48,-19.9125167,-43.9663667
VR29,19-02-2020,16:12:49,-19.9125,-43.9662667
VR29,19-02-2020,16:12:50,-19.9124667,-43.9661667
VR29,19-02-2020,16:12:51,-19.91245,-43.9660667
VR29,19-02-2020,16:12:52,-19.9124167,-43.9659667
VR29,19-02-2020,16:12:53,-19.9124,-43.9658667
VR29,19-02-2020,16:12:54,-19.9123833,-43.9657667
VR29,19-02-2020,16:12:55,-19.91235,-43.9657
VR29,19-02-2020,16:12:56,-19.9123333,-43.9656333
VR29,19-02-2020,17:08:00,-19.9136,-43.9807
VR29,19-02-2020,17:08:01,-19.9135833,-43.9806333
VR29,19-02-2020,17:08:02,-19.9136,-43.9805667
VR29,19-02-2020,17:08:03,-19.9136,-43.9804667
VR29,19-02-2020,17:08:04,-19.9135833,-43.9804
VR29,19-02-2020,17:08:05,-19.9135833,-43.9803167
VR29,19-02-2020,17:08:06,-19.9136,-43.98025
VR29,19-02-2020,17:08:07,-19.9136,-43.9801667
VR29,19-02-2020,17:08:08,-19.9136,-43.9801
VR29,19-02-2020,17:08:09,-19.9136,-43.98005
VR29,19-02-2020,17:08:10,-19.9136167,-43.9799833
VR29,19-02-2020,17:08:11,-19.9136167,-43.97995
VR29,19-02-2020,17:08:12,-19.9136333,-43.9799333
VR29,19-02-2020,17:08:13,-19.9136333,-43.9799167
VR29,19-02-2020,17:08:14,-19.91365,-43.9799167
VR29,19-02-2020,17:08:15,-19.91365,-43.9799167
VR29,19-02-2020,17:08:16,-19.91365,-43.9799167
VR29,19-02-2020,17:08:17,-19.91365,-43.9799167
VR29,19-02-2020,17:08:18,-19.91365,-43.9799167
VR29,19-02-2020,17:08:19,-19.91365,-43.9799167
VR29,19-02-2020,17:08:20,-19.9136333,-43.9799167
VR29,19-02-2020,17:08:21,-19.9136333,-43.9799167
VR29,19-02-2020,17:08:22,-19.9136333,-43.9799167
VR29,19-02-2020,17:08:23,-19.9136333,-43.9799167
VR29,19-02-2020,17:08:24,-19.9136333,-43.9799167
VR29,19-02-2020,17:08:25,-19.91365,-43.9799167
VR29,19-02-2020,17:08:26,-19.91365,-43.9799167
VR29,19-02-2020,17:08:27,-19.91365,-43.9799167
VR29,19-02-2020,17:08:28,-19.91365,-43.9799167
VR29,19-02-2020,17:09:00,-19.91365,-43.9799167
VR29,19-02-2020,17:09:01,-19.91365,-43.9799333
VR29,19-02-2020,17:09:02,-19.91365,-43.9799167
VR29,19-02-2020,17:09:03,-19.91365,-43.9799167
VR29,19-02-2020,17:09:04,-19.9136333,-43.9799
VR29,19-02-2020,17:09:05,-19.9136333,-43.9798667
VR29,19-02-2020,17:09:06,-19.9136333,-43.9798167
VR29,19-02-2020,17:09:07,-19.9136333,-43.97975
VR29,19-02-2020,17:09:08,-19.9136333,-43.9796833
VR29,19-02-2020,17:09:09,-19.9136333,-43.9796
VR29,19-02-2020,17:09:10,-19.9136333,-43.9795167
VR29,19-02-2020,17:09:11,-19.9136333,-43.9794167
VR29,19-02-2020,17:09:12,-19.9136333,-43.9793333
VR29,19-02-2020,17:09:13,-19.9136333,-43.9792333
VR29,19-02-2020,17:09:14,-19.9136333,-43.97915
VR29,19-02-2020,17:09:15,-19.9136333,-43.97905
VR29,19-02-2020,17:09:16,-19.9136333,-43.97895
VR29,19-02-2020,17:09:17,-19.9136333,-43.97885
VR29,19-02-2020,17:09:18,-19.91365,-43.97875
VR29,19-02-2020,17:09:19,-19.91365,-43.97865
VR29,19-02-2020,17:09:20,-19.91365,-43.97855
VR29,19-02-2020,17:09:21,-19.9136667,-43.97845
VR29,19-02-2020,17:09:22,-19.9136667,-43.97835
VR29,19-02-2020,17:09:23,-19.9136667,-43.97825
VR29,19-02-2020,17:09:24,-19.9136833,-43.97815
VR29,19-02-2020,17:09:25,-19.9136833,-43.97805
VR29,19-02-2020,17:09:26,-19.9136833,-43.9779333
VR29,19-02-2020,17:09:27,-19.9136833,-43.9778333
VR29,19-02-2020,17:09:28,-19.9137,-43.9777333
VR29,19-02-2020,17:09:29,-19.9137,-43.9776333
VR29,19-02-2020,17:09:30,-19.9137,-43.9775333
VR29,19-02-2020,17:09:31,-19.9137,-43.9774333
VR29,19-02-2020,17:09:32,-19.9137,-43.9773167
VR29,19-02-2020,17:09:33,-19.9137167,-43.9772167
VR29,19-02-2020,17:09:34,-19.9137167,-43.9771167
VR29,19-02-2020,17:09:35,-19.9137167,-43.9770167
VR29,19-02-2020,17:09:36,-19.9137167,-43.9769167
VR29,19-02-2020,17:09:37,-19.9137167,-43.9768167
VR29,19-02-2020,17:09:38,-19.9137333,-43.97675
VR29,19-02-2020,17:09:39,-19.9137333,-43.9767
VR29,19-02-2020,17:09:40,-19.9137333,-43.9766833
VR29,19-02-2020,17:09:41,-19.9137333,-43.9766833
VR29,19-02-2020,17:09:42,-19.9137333,-43.9766833
VR29,19-02-2020,17:09:43,-19.9137333,-43.9766833
VR29,19-02-2020,17:09:44,-19.9137333,-43.9767
VR29,19-02-2020,17:09:45,-19.9137333,-43.9767
VR29,19-02-2020,17:09:46,-19.9137333,-43.9767
VR29,19-02-2020,17:09:47,-19.9137333,-43.9767
VR29,19-02-2020,17:09:48,-19.9137333,-43.9767
VR29,19-02-2020,17:09:49,-19.9137333,-43.9767
VR29,19-02-2020,17:09:50,-19.9137333,-43.9767
VR29,19-02-2020,17:09:51,-19.9137333,-43.9767
VR29,19-02-2020,17:09:52,-19.9137333,-43.9767
VR29,19-02-2020,17:09:53,-19.9137333,-43.9767
VR29,19-02-2020,17:09:54,-19.9137333,-43.9767
VR29,19-02-2020,17:09:55,-19.9137333,-43.9767
VR29,19-02-2020,17:09:56,-19.9137333,-43.9767
VR29,19-02-2020,17:09:57,-19.9137333,-43.9767
VR29,19-02-2020,17:09:58,-19.9137333,-43.9767
VR29,19-02-2020,17:09:59,-19.9137333,-43.9767
VR29,19-02-2020,17:10:00,-19.9137333,-43.9767
VR29,19-02-2020,17:10:01,-19.9137333,-43.9767
VR29,19-02-2020,17:10:02,-19.9137333,-43.9767
VR29,19-02-2020,17:10:03,-19.9137333,-43.9767
VR29,19-02-2020,17:10:04,-19.9137333,-43.9767
VR29,19-02-2020,17:10:05,-19.9137333,-43.9767
VR29,19-02-2020,17:10:06,-19.9137333,-43.9767
VR29,19-02-2020,17:10:07,-19.9137333,-43.9767
VR29,19-02-2020,17:10:08,-19.9137333,-43.9767
VR29,19-02-2020,17:10:09,-19.9137333,-43.9767
VR29,19-02-2020,17:10:10,-19.9137333,-43.9767
VR29,19-02-2020,17:10:11,-19.9137333,-43.9767
VR29,19-02-2020,17:10:12,-19.9137333,-43.9767
VR29,19-02-2020,17:10:13,-19.9137333,-43.9767
VR29,19-02-2020,17:10:14,-19.9137333,-43.9767
VR29,19-02-2020,17:10:15,-19.9137333,-43.9767
VR29,19-02-2020,17:10:16,-19.9137333,-43.9767
VR29,19-02-2020,17:10:17,-19.9137333,-43.9767
VR29,19-02-2020,17:10:18,-19.9137333,-43.9767
VR29,19-02-2020,17:10:19,-19.9137333,-43.9766833
VR29,19-02-2020,17:10:20,-19.9137333,-43.9766833
VR29,19-02-2020,17:10:21,-19.9137333,-43.9766833
VR29,19-02-2020,17:10:22,-19.9137333,-43.9766833
VR29,19-02-2020,17:10:23,-19.9137333,-43.9766833
VR29,19-02-2020,17:10:24,-19.9137333,-43.9766833
VR29,19-02-2020,17:10:25,-19.9137333,-43.9766667
VR29,19-02-2020,17:10:26,-19.9137167,-43.97665
VR29,19-02-2020,17:10:27,-19.9137167,-43.9766
VR29,19-02-2020,17:10:28,-19.9137167,-43.97655
VR29,19-02-2020,17:10:29,-19.9137167,-43.9764667
VR29,19-02-2020,17:10:30,-19.9137167,-43.9764167
VR29,19-02-2020,17:10:31,-19.9137167,-43.9763333
VR29,19-02-2020,17:10:32,-19.9137167,-43.97625
VR29,19-02-2020,17:10:33,-19.9137167,-43.9761667
VR29,19-02-2020,17:10:34,-19.9137167,-43.9760667
VR29,19-02-2020,17:10:35,-19.9137167,-43.9759667
VR29,19-02-2020,17:10:36,-19.9137167,-43.9758667
VR29,19-02-2020,17:10:37,-19.9137333,-43.9757667
VR29,19-02-2020,17:10:38,-19.9137333,-43.9756667
VR29,19-02-2020,17:10:39,-19.9137333,-43.9755667
VR29,19-02-2020,17:10:40,-19.9137333,-43.9754667
VR29,19-02-2020,17:10:41,-19.91375,-43.9753667
VR29,19-02-2020,17:10:42,-19.91375,-43.9752667
VR29,19-02-2020,17:10:43,-19.91375,-43.9751667
VR29,19-02-2020,17:10:44,-19.91375,-43.97505
VR29,19-02-2020,17:10:45,-19.91375,-43.97495
VR29,19-02-2020,17:10:46,-19.9137667,-43.97485
VR29,19-02-2020,17:10:47,-19.9137667,-43.97475
VR29,19-02-2020,17:10:48,-19.9137667,-43.97465
VR29,19-02-2020,17:10:49,-19.9137833,-43.97455
VR29,19-02-2020,17:10:50,-19.9137833,-43.9744667
VR29,19-02-2020,17:10:51,-19.9137833,-43.9743667
VR29,19-02-2020,17:10:52,-19.9137833,-43.9742667
VR29,19-02-2020,17:10:53,-19.9138,-43.9741667
VR29,19-02-2020,17:10:54,-19.9138,-43.9740667
VR29,19-02-2020,17:10:55,-19.9138,-43.9739667
VR29,19-02-2020,17:10:56,-19.9138167,-43.9738667
VR29,19-02-2020,17:10:57,-19.9138167,-43.9737667
VR29,19-02-2020,17:10:58,-19.9138167,-43.9736667
VR29,19-02-2020,17:10:59,-19.9138333,-43.9735667
VR29,19-02-2020,17:11:00,-19.9138333,-43.9734667
VR29,19-02-2020,17:11:01,-19.91385,-43.9733667
VR29,19-02-2020,17:11:02,-19.91385,-43.9732667
VR29,19-02-2020,17:11:03,-19.9138667,-43.9731667
VR29,19-02-2020,17:11:04,-19.9138667,-43.9730833
VR29,19-02-2020,17:11:05,-19.9138667,-43.9729833
VR29,19-02-2020,17:11:06,-19.9138833,-43.9728833
VR29,19-02-2020,17:11:07,-19.9138833,-43.9727833
VR29,19-02-2020,17:11:08,-19.9138833,-43.9726833
VR29,19-02-2020,17:11:09,-19.9138833,-43.9725833
VR29,19-02-2020,17:11:10,-19.9139,-43.9724833
VR29,19-02-2020,17:11:11,-19.9139,-43.9723833
VR29,19-02-2020,17:11:12,-19.9139,-43.9723167
VR29,19-02-2020,17:11:13,-19.9139167,-43.9722
VR29,19-02-2020,17:11:14,-19.9139333,-43.9721
VR29,19-02-2020,17:11:15,-19.9139333,-43.9720333
VR29,19-02-2020,17:11:16,-19.9139333,-43.97195
VR29,19-02-2020,17:11:17,-19.9139333,-43.9718833
VR29,19-02-2020,17:11:18,-19.9139333,-43.9718167
VR29,19-02-2020,17:11:19,-19.9139167,-43.9717833
VR29,19-02-2020,17:11:20,-19.9139167,-43.9717667
VR29,19-02-2020,17:11:21,-19.9139167,-43.9717667
VR29,19-02-2020,17:11:22,-19.9138833,-43.9717333
VR29,19-02-2020,17:11:23,-19.9138833,-43.9717
VR29,19-02-2020,17:11:24,-19.9138833,-43.9717
VR29,19-02-2020,17:11:25,-19.9138833,-43.9716667
VR29,19-02-2020,17:11:26,-19.9138667,-43.97165
VR29,19-02-2020,17:11:27,-19.9138667,-43.9716
VR29,19-02-2020,17:11:28,-19.91385,-43.9715833
VR29,19-02-2020,17:11:29,-19.91385,-43.9715667
VR29,19-02-2020,17:11:30,-19.91385,-43.9715333
VR29,19-02-2020,17:11:31,-19.91385,-43.9715167
VR29,19-02-2020,17:11:32,-19.9138333,-43.9714833
VR29,19-02-2020,17:11:33,-19.9138333,-43.97145
VR29,19-02-2020,17:11:34,-19.9138167,-43.9714167
VR29,19-02-2020,17:11:35,-19.9138,-43.9713667
VR29,19-02-2020,17:11:36,-19.9137833,-43.9713
VR29,19-02-2020,17:11:37,-19.9137667,-43.97125
VR29,19-02-2020,17:11:38,-19.91375,-43.9711833
VR29,19-02-2020,17:11:39,-19.9137333,-43.9711333
VR29,19-02-2020,17:11:40,-19.9137167,-43.9711
VR29,19-02-2020,17:11:41,-19.9137167,-43.9710833
VR29,19-02-2020,17:11:42,-19.9137167,-43.9710667
VR29,19-02-2020,17:11:43,-19.9137,-43.97105
VR29,19-02-2020,17:11:44,-19.9137,-43.9710167
VR29,19-02-2020,17:11:45,-19.9136833,-43.9709833
VR29,19-02-2020,17:11:46,-19.9136667,-43.9709333
VR29,19-02-2020,17:11:47,-19.91365,-43.9709
VR29,19-02-2020,17:11:48,-19.9136167,-43.9708167
VR29,19-02-2020,17:11:49,-19.9135833,-43.97075
VR29,19-02-2020,17:11:50,-19.9135667,-43.9706833
VR29,19-02-2020,17:11:51,-19.91355,-43.9706
VR29,19-02-2020,17:11:52,-19.9135333,-43.9705167
VR29,19-02-2020,17:11:53,-19.9135,-43.9704167
VR29,19-02-2020,17:11:54,-19.9134833,-43.9703333
VR29,19-02-2020,17:11:55,-19.91345,-43.9702333
VR29,19-02-2020,17:11:56,-19.9134167,-43.9701333
VR29,19-02-2020,17:11:57,-19.9134,-43.9700333
VR29,19-02-2020,17:11:58,-19.9133667,-43.9699333
VR29,19-02-2020,17:12:00,-19.9133333,-43.9698333
VR29,19-02-2020,17:12:01,-19.9133167,-43.9697333
VR29,19-02-2020,17:12:02,-19.9132833,-43.96965
VR29,19-02-2020,17:12:03,-19.9132667,-43.96955
VR29,19-02-2020,17:12:04,-19.9132333,-43.96945
VR29,19-02-2020,17:12:05,-19.9132167,-43.9693667
VR29,19-02-2020,17:12:06,-19.9132,-43.9692667
VR29,19-02-2020,17:12:07,-19.9131667,-43.9691833
VR29,19-02-2020,17:12:08,-19.91315,-43.9691
VR29,19-02-2020,17:12:09,-19.9131333,-43.969
VR29,19-02-2020,17:12:10,-19.9131167,-43.9689167
VR29,19-02-2020,17:12:11,-19.9131,-43.9688333
VR29,19-02-2020,17:12:12,-19.9130833,-43.9687333
VR29,19-02-2020,17:12:13,-19.9130667,-43.9686667
VR29,19-02-2020,17:12:14,-19.91305,-43.9686333
VR29,19-02-2020,17:12:15,-19.91305,-43.9686
VR29,19-02-2020,17:12:16,-19.9130667,-43.9685833
VR29,19-02-2020,17:12:17,-19.9130667,-43.9685833
VR29,19-02-2020,17:12:18,-19.9130667,-43.9685833
VR29,19-02-2020,17:12:19,-19.9130667,-43.9685833
VR29,19-02-2020,17:12:20,-19.9130667,-43.9685833
VR29,19-02-2020,17:12:21,-19.9130667,-43.9685833
VR29,19-02-2020,17:12:22,-19.9130667,-43.9685833
VR29,19-02-2020,17:12:23,-19.9130667,-43.9685833
VR29,19-02-2020,17:12:24,-19.9130667,-43.9685833
VR29,19-02-2020,17:12:25,-19.9130667,-43.9686
VR29,19-02-2020,17:12:26,-19.9130667,-43.9686
VR29,19-02-2020,17:12:27,-19.9130667,-43.9686
VR29,19-02-2020,17:12:28,-19.9130667,-43.9686
VR29,19-02-2020,17:12:29,-19.9130667,-43.9686
VR29,19-02-2020,17:12:30,-19.9130667,-43.9686
VR29,19-02-2020,17:12:31,-19.9130667,-43.9685833
VR29,19-02-2020,17:12:32,-19.91305,-43.9685667
VR29,19-02-2020,17:12:33,-19.9130333,-43.9685333
VR29,19-02-2020,17:12:34,-19.9130167,-43.9684833
VR29,19-02-2020,17:12:35,-19.9130167,-43.96845
VR29,19-02-2020,17:12:36,-19.913,-43.9684167
VR29,19-02-2020,17:12:37,-19.913,-43.9683833
VR29,19-02-2020,17:12:38,-19.9129833,-43.9683667
VR29,19-02-2020,17:12:39,-19.9129833,-43.9683667
VR29,19-02-2020,17:12:40,-19.9129833,-43.9683667
VR29,19-02-2020,17:12:41,-19.9129833,-43.9683667
VR29,19-02-2020,17:12:42,-19.913,-43.9683667
VR29,19-02-2020,17:12:43,-19.913,-43.9683667
VR29,19-02-2020,17:12:44,-19.913,-43.9683667
VR29,19-02-2020,17:12:45,-19.9130167,-43.9683667
VR29,19-02-2020,17:12:46,-19.9130167,-43.9683667
VR29,19-02-2020,17:12:47,-19.9130167,-43.9683667
VR29,19-02-2020,17:12:48,-19.9129833,-43.9683667
VR29,19-02-2020,17:12:49,-19.9129833,-43.9683667
VR29,19-02-2020,17:12:50,-19.9129833,-43.9683667
VR29,19-02-2020,17:12:51,-19.9129833,-43.96835
VR29,19-02-2020,17:12:52,-19.9129833,-43.9683167
VR29,19-02-2020,17:12:53,-19.9129667,-43.9682833
VR29,19-02-2020,17:12:54,-19.9129667,-43.96825
VR29,19-02-2020,17:12:55,-19.91295,-43.9682167
VR29,19-02-2020,17:12:56,-19.91295,-43.9681667
VR29,19-02-2020,17:12:57,-19.9129333,-43.9681167
VR29,19-02-2020,17:12:58,-19.9129,-43.96805
VR29,19-02-2020,17:12:59,-19.9128833,-43.9679833
VR29,19-02-2020,17:13:00,-19.9128833,-43.9679167
VR29,19-02-2020,17:13:01,-19.9128667,-43.9678167
VR29,19-02-2020,17:13:02,-19.91285,-43.96775
VR29,19-02-2020,17:13:03,-19.9128167,-43.9676667
VR29,19-02-2020,17:13:04,-19.9128,-43.9676
VR29,19-02-2020,17:13:05,-19.9127833,-43.9675167
VR29,19-02-2020,17:13:06,-19.9127667,-43.96745
VR29,19-02-2020,17:13:07,-19.9127333,-43.96735
VR29,19-02-2020,17:13:08,-19.9127,-43.9672667
VR29,19-02-2020,17:13:09,-19.9126833,-43.9671833
VR29,19-02-2020,17:13:10,-19.9126667,-43.9670833
VR29,19-02-2020,17:13:11,-19.91265,-43.967
VR29,19-02-2020,17:13:12,-19.9126333,-43.9669333
VR29,19-02-2020,17:13:13,-19.9126167,-43.96685
VR29,19-02-2020,17:13:14,-19.9126,-43.9667667
VR29,19-02-2020,17:13:15,-19.9125833,-43.9667
VR29,19-02-2020,17:13:16,-19.9125667,-43.9666167
VR29,19-02-2020,17:13:17,-19.9125667,-43.9665667
VR29,19-02-2020,17:13:18,-19.9125333,-43.9665167
VR29,19-02-2020,17:13:19,-19.9125333,-43.9664833
VR29,19-02-2020,17:13:20,-19.9125333,-43.9664333
VR29,19-02-2020,17:13:21,-19.9125333,-43.9664333
VR29,19-02-2020,17:13:22,-19.9125333,-43.9664333
VR29,19-02-2020,17:13:23,-19.9125333,-43.9664167
VR29,19-02-2020,17:13:24,-19.9125167,-43.9664
VR29,19-02-2020,17:13:25,-19.9125,-43.96635
VR29,19-02-2020,17:13:26,-19.9125,-43.9663167
VR29,19-02-2020,17:13:27,-19.9124833,-43.9662833
VR29,19-02-2020,17:13:28,-19.9124667,-43.96625
VR29,19-02-2020,17:13:29,-19.9124667,-43.9662
VR29,19-02-2020,17:13:30,-19.9124667,-43.9661833
VR29,19-02-2020,17:13:31,-19.91245,-43.9661333
VR29,19-02-2020,17:13:32,-19.9124333,-43.9660833
VR29,19-02-2020,17:13:33,-19.9124333,-43.96605
VR29,19-02-2020,17:13:34,-19.9124167,-43.9659833
VR29,19-02-2020,17:13:35,-19.9123833,-43.9659167
VR29,19-02-2020,17:13:36,-19.9123833,-43.9658833
VR29,19-02-2020,17:13:37,-19.9123833,-43.9658667
VR29,19-02-2020,17:13:38,-19.9123833,-43.96585
VR29,19-02-2020,17:13:39,-19.9123667,-43.9658
VR29,19-02-2020,17:13:40,-19.9123667,-43.9657667
VR29,19-02-2020,17:13:41,-19.91235,-43.9657333
VR29,19-02-2020,17:13:42,-19.91235,-43.9657
VR29,19-02-2020,17:13:43,-19.9123333,-43.96565
VR29,19-02-2020,17:13:44,-19.9123167,-43.9655833
VR29,19-02-2020,18:09:00,-19.9135833,-43.9806833
VR29,19-02-2020,18:09:01,-19.9135833,-43.9806333
VR29,19-02-2020,18:09:02,-19.9135833,-43.9805833
VR29,19-02-2020,18:09:03,-19.9135833,-43.9805167
VR29,19-02-2020,18:09:04,-19.9136,-43.98045
VR29,19-02-2020,18:09:05,-19.9136,-43.9803833
VR29,19-02-2020,18:09:06,-19.9136167,-43.9803167
VR29,19-02-2020,18:09:07,-19.9136167,-43.9802333
VR29,19-02-2020,18:09:08,-19.9136167,-43.98015
VR29,19-02-2020,18:09:09,-19.9136167,-43.9800667
VR29,19-02-2020,18:09:10,-19.9136167,-43.9799833
VR29,19-02-2020,18:09:11,-19.9136333,-43.9798833
VR29,19-02-2020,18:09:12,-19.9136333,-43.9797833
VR29,19-02-2020,18:09:13,-19.9136333,-43.9796833
VR29,19-02-2020,18:09:14,-19.9136333,-43.9795833
VR29,19-02-2020,18:09:15,-19.9136333,-43.9794833
VR29,19-02-2020,18:09:16,-19.9136333,-43.9793667
VR29,19-02-2020,18:09:17,-19.9136333,-43.9792667
VR29,19-02-2020,18:09:18,-19.9136333,-43.97915
VR29,19-02-2020,18:09:19,-19.91365,-43.97905
VR29,19-02-2020,18:09:20,-19.91365,-43.9789333
VR29,19-02-2020,18:10:00,-19.91365,-43.9788167
VR29,19-02-2020,18:10:01,-19.91365,-43.9787167
VR29,19-02-2020,18:10:02,-19.9136667,-43.9786167
VR29,19-02-2020,18:10:03,-19.9136667,-43.9785167
VR29,19-02-2020,18:10:04,-19.9136667,-43.9784167
VR29,19-02-2020,18:10:05,-19.9136667,-43.9783167
VR29,19-02-2020,18:10:06,-19.9136833,-43.9782167
VR29,19-02-2020,18:10:07,-19.9136833,-43.9781167
VR29,19-02-2020,18:10:08,-19.9136833,-43.9780167
VR29,19-02-2020,18:10:09,-19.9136833,-43.9779167
VR29,19-02-2020,18:10:10,-19.9136833,-43.9778167
VR29,19-02-2020,18:10:11,-19.9137,-43.9777167
VR29,19-02-2020,18:10:12,-19.9137,-43.9776333
VR29,19-02-2020,18:10:13,-19.9137,-43.9775333
VR29,19-02-2020,18:10:14,-19.9137,-43.97745
VR29,19-02-2020,18:10:15,-19.9137,-43.9773667
VR29,19-02-2020,18:10:16,-19.9137,-43.9772833
VR29,19-02-2020,18:10:17,-19.9137,-43.9772
VR29,19-02-2020,18:10:18,-19.9137,-43.9771167
VR29,19-02-2020,18:10:19,-19.9137,-43.9770333
VR29,19-02-2020,18:10:20,-19.9137,-43.9769667
VR29,19-02-2020,18:10:21,-19.9137,-43.9768833
VR29,19-02-2020,18:10:22,-19.9137,-43.9768333
VR29,19-02-2020,18:10:23,-19.9137,-43.9767833
VR29,19-02-2020,18:10:24,-19.9137,-43.9767667
VR29,19-02-2020,18:10:25,-19.9137,-43.97675
VR29,19-02-2020,18:10:26,-19.9137,-43.9767333
VR29,19-02-2020,18:10:27,-19.9137,-43.9767167
VR29,19-02-2020,18:10:28,-19.9137,-43.9767
VR29,19-02-2020,18:10:29,-19.9137,-43.9766667
VR29,19-02-2020,18:10:30,-19.9137,-43.9766333
VR29,19-02-2020,18:10:31,-19.9137,-43.9766
VR29,19-02-2020,18:10:32,-19.9137,-43.97655
VR29,19-02-2020,18:10:33,-19.9137,-43.9765
VR29,19-02-2020,18:10:34,-19.9137167,-43.9764333
VR29,19-02-2020,18:10:35,-19.9137167,-43.9763667
VR29,19-02-2020,18:10:36,-19.9137167,-43.9763
VR29,19-02-2020,18:10:37,-19.9137167,-43.9762167
VR29,19-02-2020,18:10:38,-19.9137167,-43.9761333
VR29,19-02-2020,18:10:39,-19.9137167,-43.97605
VR29,19-02-2020,18:10:40,-19.9137167,-43.9759667
VR29,19-02-2020,18:10:41,-19.9137167,-43.9758833
VR29,19-02-2020,18:10:42,-19.9137167,-43.9758
VR29,19-02-2020,18:10:43,-19.9137333,-43.9757
VR29,19-02-2020,18:10:44,-19.9137333,-43.9756167
VR29,19-02-2020,18:10:45,-19.9137333,-43.9755167
VR29,19-02-2020,18:10:46,-19.9137333,-43.9754333
VR29,19-02-2020,18:10:47,-19.9137333,-43.97535
VR29,19-02-2020,18:10:48,-19.9137333,-43.9752667
VR29,19-02-2020,18:10:49,-19.91375,-43.9751833
VR29,19-02-2020,18:10:50,-19.91375,-43.9751
VR29,19-02-2020,18:10:51,-19.91375,-43.975
VR29,19-02-2020,18:10:52,-19.91375,-43.9749167
VR29,19-02-2020,18:10:53,-19.9137667,-43.9748167
VR29,19-02-2020,18:10:54,-19.9137667,-43.9747167
VR29,19-02-2020,18:10:55,-19.9137667,-43.9746333
VR29,19-02-2020,18:10:56,-19.9137667,-43.9745333
VR29,19-02-2020,18:10:57,-19.9137833,-43.97445
VR29,19-02-2020,18:10:58,-19.9137833,-43.97435
VR29,19-02-2020,18:10:59,-19.9137833,-43.97425
VR29,19-02-2020,18:11:00,-19.9138,-43.97415
VR29,19-02-2020,18:11:01,-19.9138,-43.97405
VR29,19-02-2020,18:11:02,-19.9138,-43.9739333
VR29,19-02-2020,18:11:03,-19.9138167,-43.97385
VR29,19-02-2020,18:11:04,-19.9138167,-43.97375
VR29,19-02-2020,18:11:05,-19.9138333,-43.9736667
VR29,19-02-2020,18:11:06,-19.9138333,-43.9735833
VR29,19-02-2020,18:11:07,-19.9138333,-43.9735333
VR29,19-02-2020,18:11:08,-19.9138333,-43.9734667
VR29,19-02-2020,18:11:09,-19.9138333,-43.9734167
VR29,19-02-2020,18:11:10,-19.91385,-43.9733833
VR29,19-02-2020,18:11:11,-19.91385,-43.9733667
VR29,19-02-2020,18:11:12,-19.91385,-43.97335
VR29,19-02-2020,18:11:13,-19.91385,-43.9733333
VR29,19-02-2020,18:11:14,-19.91385,-43.9733333
VR29,19-02-2020,18:11:15,-19.91385,-43.9733333
VR29,19-02-2020,18:11:16,-19.91385,-43.9733333
VR29,19-02-2020,18:11:17,-19.91385,-43.9733333
VR29,19-02-2020,18:11:18,-19.91385,-43.9733333
VR29,19-02-2020,18:11:19,-19.91385,-43.9733333
VR29,19-02-2020,18:11:20,-19.91385,-43.9733333
VR29,19-02-2020,18:11:21,-19.91385,-43.9733333
VR29,19-02-2020,18:11:22,-19.91385,-43.9733333
VR29,19-02-2020,18:11:23,-19.91385,-43.9733333
VR29,19-02-2020,18:11:24,-19.91385,-43.9733333
VR29,19-02-2020,18:11:25,-19.91385,-43.9733333
VR29,19-02-2020,18:11:26,-19.91385,-43.9733333
VR29,19-02-2020,18:11:27,-19.91385,-43.9733333
VR29,19-02-2020,18:11:28,-19.91385,-43.9733333
VR29,19-02-2020,18:11:29,-19.91385,-43.9733333
VR29,19-02-2020,18:11:30,-19.91385,-43.9733333
VR29,19-02-2020,18:11:31,-19.91385,-43.9733333
VR29,19-02-2020,18:11:32,-19.91385,-43.9733333
VR29,19-02-2020,18:11:33,-19.91385,-43.9733333
VR29,19-02-2020,18:11:34,-19.9138333,-43.9733333
VR29,19-02-2020,18:11:35,-19.9138333,-43.9733333
VR29,19-02-2020,18:11:36,-19.9138333,-43.9733333
VR29,19-02-2020,18:11:37,-19.9138333,-43.9733333
VR29,19-02-2020,18:11:38,-19.9138333,-43.9733333
VR29,19-02-2020,18:11:39,-19.9138333,-43.9733333
VR29,19-02-2020,18:11:40,-19.9138333,-43.9733333
VR29,19-02-2020,18:11:41,-19.9138333,-43.9733333
VR29,19-02-2020,18:11:42,-19.9138333,-43.9733333
VR29,19-02-2020,18:11:43,-19.9138333,-43.9733333
VR29,19-02-2020,18:11:44,-19.9138333,-43.9733333
VR29,19-02-2020,18:11:45,-19.9138333,-43.9733333
VR29,19-02-2020,18:11:46,-19.9138333,-43.9733333
VR29,19-02-2020,18:11:47,-19.9138333,-43.9733167
VR29,19-02-2020,18:11:48,-19.91385,-43.9733
VR29,19-02-2020,18:11:49,-19.91385,-43.9732667
VR29,19-02-2020,18:11:50,-19.91385,-43.9732167
VR29,19-02-2020,18:11:51,-19.91385,-43.9731667
VR29,19-02-2020,18:11:52,-19.9138667,-43.9731
VR29,19-02-2020,18:11:53,-19.9138667,-43.9730167
VR29,19-02-2020,18:11:54,-19.9138833,-43.9729167
VR29,19-02-2020,18:11:55,-19.9138833,-43.9728333
VR29,19-02-2020,18:11:56,-19.9138833,-43.9727167
VR29,19-02-2020,18:11:57,-19.9139,-43.9726167
VR29,19-02-2020,18:11:58,-19.9139,-43.9725167
VR29,19-02-2020,18:11:59,-19.9139,-43.9724333
VR29,19-02-2020,18:12:00,-19.9139167,-43.97235
VR29,19-02-2020,18:12:01,-19.9139167,-43.9723
VR29,19-02-2020,18:12:02,-19.9139167,-43.97225
VR29,19-02-2020,18:12:03,-19.9139167,-43.9722
VR29,19-02-2020,18:12:04,-19.9139167,-43.9721833
VR29,19-02-2020,18:12:05,-19.9139167,-43.97215
VR29,19-02-2020,18:12:06,-19.9139167,-43.9721333
VR29,19-02-2020,18:12:07,-19.9139167,-43.9721333
VR29,19-02-2020,18:12:08,-19.9139167,-43.9721167
VR29,19-02-2020,18:12:09,-19.9139167,-43.9721
VR29,19-02-2020,18:12:10,-19.9139167,-43.9720833
VR29,19-02-2020,18:12:11,-19.9139167,-43.9720667
VR29,19-02-2020,18:12:12,-19.9139167,-43.97205
VR29,19-02-2020,18:12:13,-19.9139167,-43.9720333
VR29,19-02-2020,18:12:14,-19.9139167,-43.9720167
VR29,19-02-2020,18:12:15,-19.9139333,-43.9719833
VR29,19-02-2020,18:12:16,-19.9139333,-43.97195
VR29,19-02-2020,18:12:17,-19.9139333,-43.9719
VR29,19-02-2020,18:12:18,-19.9139333,-43.9718667
VR29,19-02-2020,18:12:19,-19.9139333,-43.9718167
VR29,19-02-2020,18:12:20,-19.9139167,-43.9717667
VR29,19-02-2020,18:12:21,-19.9139167,-43.9717
VR29,19-02-2020,18:12:22,-19.9138833,-43.9716333
VR29,19-02-2020,18:12:23,-19.9138667,-43.97155
VR29,19-02-2020,18:12:24,-19.91385,-43.9714667
VR29,19-02-2020,18:12:25,-19.9138167,-43.9714
VR29,19-02-2020,18:12:26,-19.9138,-43.9713167
VR29,19-02-2020,18:12:27,-19.9137667,-43.9712167
VR29,19-02-2020,18:12:28,-19.9137333,-43.9711333
VR29,19-02-2020,18:12:29,-19.9137,-43.9710333
VR29,19-02-2020,18:12:30,-19.9136833,-43.97095
VR29,19-02-2020,18:12:31,-19.91365,-43.97085
VR29,19-02-2020,18:12:32,-19.9136333,-43.9707667
VR29,19-02-2020,18:12:33,-19.9136,-43.9706833
VR29,19-02-2020,18:12:34,-19.9135667,-43.9705833
VR29,19-02-2020,18:12:35,-19.91355,-43.9705
VR29,19-02-2020,18:12:36,-19.9135167,-43.9704
VR29,19-02-2020,18:12:37,-19.9134833,-43.9703
VR29,19-02-2020,18:12:38,-19.91345,-43.9702
VR29,19-02-2020,18:12:39,-19.9134167,-43.9701167
VR29,19-02-2020,18:12:40,-19.9134,-43.9700167
VR29,19-02-2020,18:12:41,-19.9133667,-43.9699167
VR29,19-02-2020,18:12:42,-19.9133333,-43.9698167
VR29,19-02-2020,18:12:43,-19.9133167,-43.9697167
VR29,19-02-2020,18:12:44,-19.9132833,-43.9696167
VR29,19-02-2020,18:12:45,-19.91325,-43.9695167
VR29,19-02-2020,18:12:46,-19.9132333,-43.9694167
VR29,19-02-2020,18:12:47,-19.9132,-43.9693167
VR29,19-02-2020,18:12:48,-19.9131833,-43.9692167
VR29,19-02-2020,18:12:49,-19.9131667,-43.9691167
VR29,19-02-2020,18:12:50,-19.9131333,-43.9690167
VR29,19-02-2020,18:12:51,-19.9131167,-43.9689167
VR29,19-02-2020,18:12:52,-19.9130833,-43.9688167
VR29,19-02-2020,18:12:53,-19.9130667,-43.9687167
VR29,19-02-2020,18:12:54,-19.91305,-43.9686333
VR29,19-02-2020,18:12:55,-19.9130333,-43.9685667
VR29,19-02-2020,18:12:56,-19.913,-43.9685
VR29,19-02-2020,18:12:57,-19.9129833,-43.9684667
VR29,19-02-2020,18:12:58,-19.9129833,-43.9684333
VR29,19-02-2020,18:12:59,-19.9129667,-43.9683833
VR29,19-02-2020,18:13:00,-19.91295,-43.96835
VR29,19-02-2020,18:13:01,-19.9129333,-43.9683
VR29,19-02-2020,18:13:02,-19.9129333,-43.96825
VR29,19-02-2020,18:13:03,-19.9129167,-43.9682
VR29,19-02-2020,18:13:04,-19.9129,-43.96815
VR29,19-02-2020,18:13:05,-19.9128833,-43.9681167
VR29,19-02-2020,18:13:06,-19.9128833,-43.9680667
VR29,19-02-2020,18:13:07,-19.9128667,-43.9680167
VR29,19-02-2020,18:13:08,-19.9128667,-43.9679667
VR29,19-02-2020,18:13:09,-19.91285,-43.9679333
VR29,19-02-2020,18:13:10,-19.91285,-43.9678833
VR29,19-02-2020,18:13:11,-19.9128333,-43.9678333
VR29,19-02-2020,18:13:12,-19.9128333,-43.9677833
VR29,19-02-2020,18:13:13,-19.9128167,-43.9677667
VR29,19-02-2020,18:13:14,-19.9128167,-43.96775
VR29,19-02-2020,18:13:15,-19.9128167,-43.9677333
VR29,19-02-2020,18:13:16,-19.9128167,-43.9677333
VR29,19-02-2020,18:13:17,-19.9128167,-43.9677333
VR29,19-02-2020,18:13:18,-19.9128167,-43.9677333
VR29,19-02-2020,18:13:19,-19.9128167,-43.9677333
VR29,19-02-2020,18:13:20,-19.9128333,-43.9677333
VR29,19-02-2020,18:13:21,-19.9128333,-43.9677333
VR29,19-02-2020,18:13:22,-19.9128333,-43.9677333
VR29,19-02-2020,18:13:23,-19.9128333,-43.9677333
VR29,19-02-2020,18:13:24,-19.9128333,-43.9677333
VR29,19-02-2020,18:13:25,-19.9128333,-43.9677333
VR29,19-02-2020,18:13:26,-19.9128333,-43.9677333
VR29,19-02-2020,18:13:27,-19.91285,-43.9677333
VR29,19-02-2020,18:13:28,-19.91285,-43.9677333
VR29,19-02-2020,18:13:29,-19.91285,-43.9677333
VR29,19-02-2020,18:13:30,-19.91285,-43.9677333
VR29,19-02-2020,18:13:31,-19.91285,-43.9677333
VR29,19-02-2020,18:13:32,-19.91285,-43.9677333
VR29,19-02-2020,18:13:33,-19.91285,-43.9677333
VR29,19-02-2020,18:13:34,-19.91285,-43.9677333
VR29,19-02-2020,18:13:35,-19.91285,-43.9677333
VR29,19-02-2020,18:13:36,-19.9128333,-43.9677333
VR29,19-02-2020,18:13:37,-19.9128333,-43.9677333
VR29,19-02-2020,18:13:38,-19.9128333,-43.9677333
VR29,19-02-2020,18:13:39,-19.9128333,-43.9677333
VR29,19-02-2020,18:13:40,-19.9128333,-43.9677333
VR29,19-02-2020,18:13:41,-19.9128333,-43.9677333
VR29,19-02-2020,18:13:42,-19.9128333,-43.9677333
VR29,19-02-2020,18:13:43,-19.9128333,-43.9677333
VR29,19-02-2020,18:13:44,-19.9128333,-43.9677333
VR29,19-02-2020,18:13:45,-19.9128333,-43.9677333
VR29,19-02-2020,18:13:46,-19.9128333,-43.9677333
VR29,19-02-2020,18:13:47,-19.9128167,-43.9677333
VR29,19-02-2020,18:13:48,-19.9128167,-43.9677167
VR29,19-02-2020,18:13:49,-19.9128167,-43.9677167
VR29,19-02-2020,18:13:50,-19.9128167,-43.9677167
VR29,19-02-2020,18:13:51,-19.9128167,-43.9677167
VR29,19-02-2020,18:13:52,-19.9128167,-43.9677167
VR29,19-02-2020,18:13:53,-19.9128167,-43.9677167
VR29,19-02-2020,18:13:54,-19.9128167,-43.9677167
VR29,19-02-2020,18:13:55,-19.9128167,-43.9677167
VR29,19-02-2020,18:13:56,-19.9128,-43.9677167
VR29,19-02-2020,18:13:57,-19.9128,-43.9677167
VR29,19-02-2020,18:13:58,-19.9128,-43.9677167
VR29,19-02-2020,18:13:59,-19.9128,-43.9677167
VR29,19-02-2020,18:14:00,-19.9128,-43.9677167
VR29,19-02-2020,18:14:01,-19.9128,-43.9677167
VR29,19-02-2020,18:14:02,-19.9128,-43.9677167
VR29,19-02-2020,18:14:03,-19.9128,-43.9677167
VR29,19-02-2020,18:14:04,-19.9128,-43.9677167
VR29,19-02-2020,18:14:05,-19.9128,-43.9677167
VR29,19-02-2020,18:14:06,-19.9128,-43.9677167
VR29,19-02-2020,18:14:07,-19.9128,-43.9677167
VR29,19-02-2020,18:14:08,-19.9128,-43.9677167
VR29,19-02-2020,18:14:09,-19.9128,-43.9677167
VR29,19-02-2020,18:14:10,-19.9128,-43.9677167
VR29,19-02-2020,18:14:11,-19.9128,-43.9677167
VR29,19-02-2020,18:14:12,-19.9128,-43.9677167
VR29,19-02-2020,18:14:13,-19.9128,-43.9677167
VR29,19-02-2020,18:14:14,-19.9128,-43.9677167
VR29,19-02-2020,18:14:15,-19.9127833,-43.9677167
VR29,19-02-2020,18:14:16,-19.9127833,-43.9677
VR29,19-02-2020,18:14:17,-19.9127833,-43.9676833
VR29,19-02-2020,18:14:18,-19.9127833,-43.9676667
VR29,19-02-2020,18:14:19,-19.9127833,-43.9676333
VR29,19-02-2020,18:14:20,-19.9127667,-43.9675833
VR29,19-02-2020,18:14:21,-19.9127667,-43.96755
VR29,19-02-2020,18:14:22,-19.91275,-43.9674833
VR29,19-02-2020,18:14:23,-19.9127333,-43.9674167
VR29,19-02-2020,18:14:24,-19.9127167,-43.9673333
VR29,19-02-2020,18:14:25,-19.9127,-43.96725
VR29,19-02-2020,18:14:26,-19.9126833,-43.9671667
VR29,19-02-2020,18:14:27,-19.9126667,-43.9670667
VR29,19-02-2020,18:14:28,-19.9126333,-43.9669833
VR29,19-02-2020,18:14:29,-19.9126167,-43.9668833
VR29,19-02-2020,18:14:30,-19.9126,-43.9667833
VR29,19-02-2020,18:14:31,-19.9125667,-43.9667
VR29,19-02-2020,18:14:32,-19.91255,-43.9666
VR29,19-02-2020,18:14:33,-19.9125333,-43.9665167
VR29,19-02-2020,18:14:34,-19.9125167,-43.9664333
VR29,19-02-2020,18:14:35,-19.9124833,-43.9663333
VR29,19-02-2020,18:14:36,-19.9124667,-43.96625
VR29,19-02-2020,18:14:37,-19.91245,-43.96615
VR29,19-02-2020,18:14:38,-19.9124167,-43.9660667
VR29,19-02-2020,18:14:39,-19.9124,-43.9659833
VR29,19-02-2020,18:14:40,-19.9123833,-43.9658833
VR29,19-02-2020,18:14:41,-19.9123667,-43.9658
VR29,19-02-2020,18:14:42,-19.91235,-43.9657333
VR29,19-02-2020,18:14:43,-19.9123333,-43.96565
VR29,19-02-2020,18:14:44,-19.9123167,-43.9656
